(CO-2000-8) County Population Estimates and Demographic Components of Population Change:
            Annual Time Series, April 1, 1990 Census to July 1, 2000 Estimate

The 4/1/1990 Census figure shown in this table is the population estimates base.  It is an 
update of the 4/1/1990 Census figure shown in previous Census Bureau reports and 
reflects governmental unit boundaries legally effective as of January 1, 2000, including
any post-1990 corrections and other changes due to annexations, new incorporations, or mergers.
The 7/1/2000 Estimates were created without knowledge of the Census 2000 results.

Source:  Population Estimates Program, Population Division, U.S. Census Bureau, Washington, DC  20233
Contact: Statistical Information Staff, Population Division, U.S. Census Bureau (301-763-2422 or pop@census.gov)

Internet Release Date:  November 1, 2005
   

 Block,                                                                                                                                                                                    
 State,  ------------------------------------------------------------------Population-------------------------------------------------------------------                                   
 County     7/1/2000    7/1/1999    7/1/1998    7/1/1997    7/1/1996    7/1/1995    7/1/1994    7/1/1993    7/1/1992    7/1/1991    7/1/1990    4/1/1990 Area Name                         
-- ----- ----------- ----------- ----------- ----------- ----------- ----------- ----------- ----------- ----------- ----------- ----------- ----------- ----------------------------------
1  36     18,279,410  18,226,519  18,174,556  18,148,675  18,152,399  18,158,980  18,164,519  18,149,989  18,091,751  18,036,925  18,003,744  17,990,778 New York                          
1  36001     292,355     292,681     293,294     294,590     296,290     298,547     299,303     297,860     296,407     295,252     292,901     292,812 Albany County                     
1  36003      50,619      50,633      50,557      50,825      51,303      51,618      51,307      51,031      51,122      51,021      50,539      50,470 Allegany County                   
1  36005   1,200,656   1,195,283   1,192,297   1,190,905   1,191,367   1,193,957   1,195,849   1,197,065   1,194,395   1,198,890   1,203,869   1,203,789 Bronx County                      
1  36007     194,975     195,913     196,627     198,118     200,975     204,540     208,401     210,882     212,156     212,098     212,108     212,160 Broome County                     
1  36009      84,526      84,579      84,991      85,132      85,642      85,339      85,338      85,708      85,453      85,032      84,469      84,234 Cattaraugus County                
1  36011      81,292      81,434      81,957      82,215      82,432      82,615      82,650      82,741      82,738      82,797      82,430      82,313 Cayuga County                     
1  36013     136,653     137,357     138,332     139,360     140,587     140,952     141,746     142,138     141,917     142,299     141,978     141,895 Chautauqua County                 
1  36015      91,555      91,771      92,226      92,543      93,302      93,953      94,358      94,884      95,073      95,068      95,306      95,195 Chemung County                    
1  36017      50,922      50,811      51,006      51,637      51,966      51,850      52,252      52,378      52,221      52,094      51,800      51,768 Chenango County                   
1  36019      79,626      79,612      79,690      79,981      80,257      82,755      86,309      86,316      85,483      86,046      86,152      85,969 Clinton County                    
1  36021      62,812      62,988      63,150      63,322      63,466      63,656      63,440      63,344      63,170      62,935      63,042      62,982 Columbia County                   
1  36023      47,875      48,110      48,197      48,128      48,301      48,762      49,207      49,358      49,343      49,193      49,110      48,963 Cortland County                   
1  36025      46,085      46,283      46,404      46,476      47,118      47,601      47,687      47,745      47,579      47,489      47,415      47,352 Delaware County                   
1  36027     270,547     268,194     265,502     263,714     262,789     261,368     260,691     262,380     262,235     260,732     259,996     259,462 Dutchess County                   
1  36029     923,506     928,811     935,272     944,145     953,921     960,029     965,768     969,076     970,525     969,952     969,117     968,584 Erie County                       
1  36031      37,651      37,524      37,491      37,748      37,820      37,615      37,719      37,660      37,345      37,441      37,256      37,152 Essex County                      
1  36033      50,000      50,008      48,705      49,108      49,475      49,375      49,236      48,988      48,454      47,751      46,642      46,540 Franklin County                   
1  36035      52,861      52,985      53,161      53,503      53,998      54,051      54,285      54,397      54,314      54,466      54,281      54,191 Fulton County                     
1  36037      60,195      60,440      60,774      61,123      61,207      61,037      61,226      61,121      60,826      60,513      60,164      60,060 Genesee County                    
1  36039      48,720      48,371      48,122      47,650      47,430      47,405      47,176      46,849      46,334      45,348      44,857      44,739 Greene County                     
1  36041       5,267       5,209       5,192       5,183       5,274       5,179       5,225       5,277       5,337       5,346       5,289       5,279 Hamilton County                   
1  36043      63,306      63,447      63,996      65,002      65,742      66,110      66,548      66,551      66,343      66,201      65,855      65,809 Herkimer County                   
1  36045     108,215     108,969     109,753     110,583     112,420     113,526     115,423     113,738     113,677     112,480     111,464     110,943 Jefferson County                  
1  36047   2,278,166   2,273,623   2,268,415   2,266,410   2,267,894   2,275,384   2,282,992   2,287,623   2,286,351   2,289,586   2,299,095   2,300,664 Kings County                      
1  36049      27,431      27,338      27,452      27,586      27,646      27,607      27,515      27,306      27,268      27,100      26,883      26,796 Lewis County                      
1  36051      66,485      66,146      65,633      65,701      65,420      65,214      64,876      64,427      63,962      62,878      62,526      62,372 Livingston County                 
1  36053      71,243      71,161      70,920      70,832      71,260      71,112      71,243      71,162      71,059      70,241      69,344      69,166 Madison County                    
1  36055     712,601     712,558     715,184     717,744     719,870     721,543     724,555     726,440     723,870     718,509     715,259     713,968 Monroe County                     
1  36057      50,291      50,502      50,844      51,261      51,707      51,988      52,026      52,017      52,073      51,977      52,052      51,981 Montgomery County                 
1  36059   1,309,519   1,306,938   1,301,733   1,299,588   1,299,733   1,299,461   1,297,584   1,296,211   1,293,815   1,289,892   1,286,273   1,287,873 Nassau County                     
1  36061   1,562,529   1,557,686   1,550,639   1,544,497   1,536,069   1,526,414   1,513,722   1,501,016   1,490,984   1,486,483   1,487,644   1,487,536 New York County                   
1  36063     214,577     215,952     217,744     219,467     220,613     221,281     221,234     221,336     220,807     221,077     221,037     220,756 Niagara County                    
1  36065     229,288     229,771     230,661     232,394     235,345     241,377     248,170     250,526     252,316     252,232     251,026     250,836 Oneida County                     
1  36067     456,042     456,493     458,010     460,774     465,157     468,998     471,681     474,141     473,428     472,165     469,844     468,973 Onondaga County                   
1  36069     100,343      99,764      99,567      99,660      99,478      98,790      98,487      98,309      97,610      96,508      95,351      95,101 Ontario County                    
1  36071     339,258     333,300     329,260     326,295     323,800     321,614     319,266     317,872     315,182     311,614     308,719     307,571 Orange County                     
1  36073      45,104      45,020      44,912      44,825      45,000      44,999      44,727      44,138      43,872      42,539      41,991      41,846 Orleans County                    
1  36075     124,477     124,013     123,766     124,664     124,849     125,007     125,157     125,444     124,297     123,377     122,350     121,785 Oswego County                     
1  36077      60,730      60,750      60,596      60,681      60,986      61,167      61,505      61,224      60,979      60,610      60,494      60,390 Otsego County                     
1  36079      96,234      94,739      93,380      92,206      90,823      90,014      88,999      87,974      86,845      85,498      84,224      83,941 Putnam County                     
1  36081   2,010,150   2,006,050   1,995,825   1,982,863   1,972,697   1,964,066   1,959,095   1,955,950   1,950,184   1,949,967   1,952,187   1,951,598 Queens County                     
1  36083     151,629     151,500     152,283     152,942     154,307     154,446     155,093     155,903     156,037     154,914     154,655     154,429 Rensselaer County                 
1  36085     417,821     412,942     407,141     401,858     398,400     396,206     395,417     394,383     390,039     384,888     379,962     378,977 Richmond County                   
1  36087     286,372     284,428     281,300     278,429     277,148     276,174     274,470     272,229     269,550     267,689     265,959     265,475 Rockland County                   
1  36089     113,028     113,257     113,199     113,693     114,604     114,920     114,982     115,240     114,309     113,193     112,186     111,974 St. Lawrence County               
1  36091     202,753     199,899     197,619     195,715     194,756     193,937     192,514     189,816     187,726     184,788     182,290     181,276 Saratoga County                   
1  36093     143,342     144,012     145,180     146,291     147,382     148,687     149,357     149,938     150,279     150,216     149,440     149,285 Schenectady County                
1  36095      32,574      32,410      32,049      32,238      32,707      32,637      32,763      32,918      32,875      32,573      31,962      31,840 Schoharie County                  
1  36097      19,336      19,182      19,201      19,073      19,132      19,164      19,002      18,987      18,922      18,828      18,707      18,662 Schuyler County                   
1  36099      32,836      32,737      32,743      32,972      33,161      32,420      32,476      32,697      33,395      33,699      33,696      33,683 Seneca County                     
1  36101      98,085      97,784      98,053      98,372      98,748      99,556     100,312     100,303     100,061      99,741      99,267      99,088 Steuben County                    
1  36103   1,399,434   1,384,196   1,371,310   1,360,261   1,353,816   1,349,211   1,344,184   1,339,176   1,331,503   1,323,936   1,322,121   1,321,339 Suffolk County                    
1  36105      69,708      69,331      69,403      69,574      70,042      70,102      70,308      70,730      70,443      69,813      69,439      69,277 Sullivan County                   
1  36107      52,057      52,162      52,404      52,371      52,468      52,754      53,383      53,332      53,176      52,848      52,486      52,337 Tioga County                      
1  36109      98,076      98,108      97,320      97,343      97,268      97,688      97,067      96,622      96,029      95,474      94,279      94,097 Tompkins County                   
1  36111     167,824     167,228     166,833     166,910     166,978     167,140     168,014     169,336     168,631     167,636     165,806     165,380 Ulster County                     
1  36113      61,726      61,522      61,246      61,283      61,322      61,417      61,234      61,144      60,448      59,968      59,481      59,209 Warren County                     
1  36115      60,230      60,299      60,188      60,365      60,769      60,797      60,515      60,637      60,300      60,020      59,487      59,330 Washington County                 
1  36117      95,690      95,516      95,157      94,621      94,278      93,700      92,974      92,365      91,297      90,443      89,409      89,123 Wayne County                      
1  36119     913,497     907,959     902,245     897,417     895,097     892,018     888,746     886,406     882,623     877,228     875,303     874,866 Westchester County                
1  36121      44,194      44,323      44,184      44,346      44,450      44,126      43,856      43,730      43,573      43,260      42,582      42,507 Wyoming County                    
1  36123      24,511      24,507      24,261      24,162      24,137      24,004      23,874      23,494      23,186      23,073      22,888      22,810 Yates County                      
   

 Block,                                                                                                                                                                                    
 State,  ----------------------------------------------------------Population Age 65 and Over-----------------------------------------------------------                                   
 County     7/1/2000    7/1/1999    7/1/1998    7/1/1997    7/1/1996    7/1/1995    7/1/1994    7/1/1993    7/1/1992    7/1/1991    7/1/1990    4/1/1990 Area Name                         
-- ----- ----------- ----------- ----------- ----------- ----------- ----------- ----------- ----------- ----------- ----------- ----------- ----------- ----------------------------------
2  36      2,472,882   2,445,903   2,426,388   2,421,675   2,421,681   2,418,683   2,404,874   2,395,382   2,379,592   2,361,294   2,346,137   2,340,181 New York                          
2  36001      42,830      43,114      43,519      43,792      44,031      44,295      44,318      43,962      43,594      43,236      42,759      42,673 Albany County                     
2  36003       7,062       7,043       7,043       7,029       6,935       6,912       6,891       6,894       6,910       6,847       6,764       6,747 Allegany County                   
2  36005     133,489     131,649     130,289     130,748     131,591     132,645     133,301     133,991     134,673     136,268     137,781     137,912 Bronx County                      
2  36007      32,229      32,224      32,342      32,502      32,767      32,853      32,817      32,702      32,473      32,153      31,857      31,741 Broome County                     
2  36009      11,936      11,916      11,928      11,996      12,068      12,045      12,035      12,042      11,994      11,875      11,816      11,784 Cattaraugus County                
2  36011      11,442      11,454      11,494      11,543      11,587      11,631      11,635      11,680      11,640      11,626      11,582      11,545 Cayuga County                     
2  36013      21,744      21,846      22,014      22,096      22,222      22,315      22,378      22,372      22,277      22,269      22,253      22,231 Chautauqua County                 
2  36015      13,957      13,998      14,085      14,179      14,289      14,389      14,412      14,429      14,461      14,429      14,320      14,297 Chemung County                    
2  36017       7,510       7,457       7,426       7,495       7,472       7,403       7,391       7,379       7,334       7,254       7,212       7,202 Chenango County                   
2  36019       9,370       9,271       9,197       9,067       8,931       8,819       8,708       8,638       8,559       8,482       8,335       8,280 Clinton County                    
2  36021      10,227      10,221      10,243      10,324      10,292      10,295      10,284      10,244      10,244      10,210      10,263      10,252 Columbia County                   
2  36023       5,935       5,985       6,057       6,046       6,011       6,030       6,042       6,056       6,046       5,979       5,941       5,922 Cortland County                   
2  36025       8,584       8,541       8,523       8,566       8,552       8,470       8,305       8,158       7,978       7,853       7,756       7,726 Delaware County                   
2  36027      32,638      32,306      32,086      31,724      31,576      31,166      30,768      30,389      30,130      29,873      29,586      29,514 Dutchess County                   
2  36029     148,152     148,433     149,161     150,202     151,384     151,515     151,199     150,714     149,664     148,389     146,893     146,381 Erie County                       
2  36031       5,920       5,913       5,926       5,966       5,866       5,847       5,774       5,759       5,621       5,535       5,470       5,451 Essex County                      
2  36033       5,885       5,859       5,846       5,901       5,921       5,960       6,007       6,051       6,026       5,981       5,980       5,978 Franklin County                   
2  36035       8,143       8,127       8,137       8,265       8,388       8,576       8,572       8,717       8,796       8,846       8,965       8,948 Fulton County                     
2  36037       8,497       8,518       8,563       8,603       8,597       8,549       8,539       8,481       8,381       8,322       8,243       8,204 Genesee County                    
2  36039       7,334       7,295       7,275       7,317       7,309       7,268       7,283       7,252       7,207       7,119       7,083       7,088 Greene County                     
2  36041       1,122       1,092       1,065       1,052       1,048       1,020       1,011         991         968         935         909         903 Hamilton County                   
2  36043      10,536      10,553      10,602      10,779      10,949      11,100      11,166      11,217      11,209      11,172      11,066      11,036 Herkimer County                   
2  36045      12,239      12,146      12,086      12,230      12,303      12,423      12,392      12,378      12,306      12,259      12,194      12,147 Jefferson County                  
2  36047     294,182     287,099     280,795     279,082     279,000     280,550     279,510     280,161     280,061     279,473     279,839     279,758 Kings County                      
2  36049       3,686       3,645       3,616       3,594       3,540       3,562       3,492       3,430       3,357       3,263       3,220       3,206 Lewis County                      
2  36051       7,885       7,739       7,619       7,571       7,487       7,503       7,336       7,303       7,171       7,113       6,967       6,950 Livingston County                 
2  36053       8,716       8,618       8,546       8,518       8,480       8,341       8,259       8,236       8,151       8,080       7,919       7,900 Madison County                    
2  36055      93,326      93,123      93,202      93,067      93,068      92,767      92,318      91,964      91,343      90,414      89,222      88,808 Monroe County                     
2  36057       9,550       9,644       9,761       9,891      10,023      10,064      10,100      10,122      10,126      10,111      10,091      10,073 Montgomery County                 
2  36059     200,122     198,268     196,932     197,049     196,939     195,888     193,887     191,802     188,997     185,655     182,460     181,455 Nassau County                     
2  36061     201,147     197,863     195,303     195,019     195,356     194,806     193,877     193,688     193,384     193,054     193,837     193,791 New York County                   
2  36063      34,051      34,202      34,458      34,616      34,698      34,711      34,509      34,324      34,179      33,949      33,388      33,331 Niagara County                    
2  36065      37,574      37,714      37,958      38,364      38,716      38,897      39,047      39,148      39,041      38,872      38,678      38,585 Oneida County                     
2  36067      64,259      63,929      63,791      63,946      64,038      63,994      63,549      63,286      62,513      61,632      60,805      60,527 Onondaga County                   
2  36069      13,259      13,186      13,193      13,273      13,335      13,255      13,113      13,130      13,075      12,762      12,560      12,474 Ontario County                    
2  36071      34,218      33,955      33,795      33,438      33,425      33,213      32,935      32,861      32,654      32,314      31,943      31,865 Orange County                     
2  36073       5,562       5,479       5,413       5,386       5,414       5,435       5,419       5,428       5,346       5,297       5,283       5,252 Orleans County                    
2  36075      13,785      13,663      13,579      13,639      13,549      13,556      13,507      13,517      13,434      13,269      13,120      13,063 Oswego County                     
2  36077       9,213       9,201       9,219       9,233       9,276       9,276       9,261       9,199       9,218       9,170       9,117       9,085 Otsego County                     
2  36079       9,381       9,244       9,132       8,974       8,726       8,558       8,325       8,057       7,962       7,801       7,526       7,499 Putnam County                     
2  36081     298,678     292,555     287,162     286,268     286,722     287,754     287,167     286,901     286,189     285,098     284,625     284,256 Queens County                     
2  36083      20,743      20,767      20,858      20,905      20,979      20,919      20,847      20,829      20,722      20,669      20,388      20,340 Rensselaer County                 
2  36085      48,978      48,521      48,190      47,421      46,754      46,020      45,279      44,387      43,600      42,771      42,136      41,914 Richmond County                   
2  36087      34,406      33,704      33,117      32,279      31,548      30,922      30,039      29,142      28,212      27,534      26,866      26,658 Rockland County                   
2  36089      14,439      14,295      14,206      14,237      14,204      14,073      13,957      13,911      13,838      13,626      13,538      13,469 St. Lawrence County               
2  36091      22,964      22,624      22,349      21,844      21,521      21,052      20,592      20,211      19,720      19,332      18,827      18,654 Saratoga County                   
2  36093      24,311      24,431      24,621      24,815      24,932      25,055      25,080      25,117      25,095      24,876      24,722      24,678 Schenectady County                
2  36095       4,744       4,672       4,614       4,612       4,657       4,654       4,643       4,640       4,610       4,558       4,509       4,492 Schoharie County                  
2  36097       2,847       2,852       2,867       2,820       2,846       2,811       2,806       2,791       2,753       2,716       2,663       2,650 Schuyler County                   
2  36099       4,827       4,802       4,789       4,782       4,774       4,818       4,849       4,845       4,859       4,963       4,982       4,956 Seneca County                     
2  36101      14,551      14,526      14,562      14,602      14,684      14,938      14,913      14,915      14,761      14,561      14,457      14,392 Steuben County                    
2  36103     165,378     162,832     160,855     158,357     156,212     154,078     151,159     148,793     146,285     143,356     141,193     140,571 Suffolk County                    
2  36105       9,682       9,664       9,672       9,747       9,871      10,024      10,068      10,273      10,322      10,186      10,097      10,084 Sullivan County                   
2  36107       6,665       6,548       6,453       6,376       6,289       6,123       5,992       5,884       5,807       5,741       5,735       5,700 Tioga County                      
2  36109       9,074       9,099       9,145       9,049       9,047       8,907       8,755       8,771       8,644       8,591       8,465       8,430 Tompkins County                   
2  36111      23,090      22,964      22,913      22,820      22,694      22,594      22,335      22,264      21,929      21,584      21,413      21,353 Ulster County                     
2  36113       9,192       9,078       8,993       8,982       8,962       8,884       8,825       8,769       8,716       8,592       8,555       8,513 Warren County                     
2  36115       8,307       8,298       8,313       8,292       8,242       8,199       8,111       8,168       8,055       7,973       7,803       7,770 Washington County                 
2  36117      11,419      11,287      11,189      11,054      10,979      10,769      10,688      10,600      10,485      10,422      10,312      10,272 Wayne County                      
2  36119     132,874     131,843     131,276     131,347     131,638     131,194     130,211     129,136     127,710     126,275     125,222     124,863 Westchester County                
2  36121       5,358       5,345       5,347       5,329       5,294       5,325       5,282       5,286       5,254       5,202       5,139       5,116 Wyoming County                    
2  36123       3,658       3,663       3,678       3,655       3,673       3,668       3,604       3,597       3,523       3,527       3,487       3,466 Yates County                      
   

 Block,                                                                                                                                                                                    
 State,  ------------------------------------------------------------Population Under Age 65------------------------------------------------------------                                   
 County     7/1/2000    7/1/1999    7/1/1998    7/1/1997    7/1/1996    7/1/1995    7/1/1994    7/1/1993    7/1/1992    7/1/1991    7/1/1990    4/1/1990 Area Name                         
-- ----- ----------- ----------- ----------- ----------- ----------- ----------- ----------- ----------- ----------- ----------- ----------- ----------- ----------------------------------
3  36     15,806,528  15,780,616  15,748,168  15,727,000  15,730,718  15,740,297  15,759,645  15,754,607  15,712,159  15,675,631  15,657,607  15,650,597 New York                          
3  36001     249,525     249,567     249,775     250,798     252,259     254,252     254,985     253,898     252,813     252,016     250,142     250,139 Albany County                     
3  36003      43,557      43,590      43,514      43,796      44,368      44,706      44,416      44,137      44,212      44,174      43,775      43,723 Allegany County                   
3  36005   1,067,167   1,063,634   1,062,008   1,060,157   1,059,776   1,061,312   1,062,548   1,063,074   1,059,722   1,062,622   1,066,088   1,065,877 Bronx County                      
3  36007     162,746     163,689     164,285     165,616     168,208     171,687     175,584     178,180     179,683     179,945     180,251     180,419 Broome County                     
3  36009      72,590      72,663      73,063      73,136      73,574      73,294      73,303      73,666      73,459      73,157      72,653      72,450 Cattaraugus County                
3  36011      69,850      69,980      70,463      70,672      70,845      70,984      71,015      71,061      71,098      71,171      70,848      70,768 Cayuga County                     
3  36013     114,909     115,511     116,318     117,264     118,365     118,637     119,368     119,766     119,640     120,030     119,725     119,664 Chautauqua County                 
3  36015      77,598      77,773      78,141      78,364      79,013      79,564      79,946      80,455      80,612      80,639      80,986      80,898 Chemung County                    
3  36017      43,412      43,354      43,580      44,142      44,494      44,447      44,861      44,999      44,887      44,840      44,588      44,566 Chenango County                   
3  36019      70,256      70,341      70,493      70,914      71,326      73,936      77,601      77,678      76,924      77,564      77,817      77,689 Clinton County                    
3  36021      52,585      52,767      52,907      52,998      53,174      53,361      53,156      53,100      52,926      52,725      52,779      52,730 Columbia County                   
3  36023      41,940      42,125      42,140      42,082      42,290      42,732      43,165      43,302      43,297      43,214      43,169      43,041 Cortland County                   
3  36025      37,501      37,742      37,881      37,910      38,566      39,131      39,382      39,587      39,601      39,636      39,659      39,626 Delaware County                   
3  36027     237,909     235,888     233,416     231,990     231,213     230,202     229,923     231,991     232,105     230,859     230,410     229,948 Dutchess County                   
3  36029     775,354     780,378     786,111     793,943     802,537     808,514     814,569     818,362     820,861     821,563     822,224     822,203 Erie County                       
3  36031      31,731      31,611      31,565      31,782      31,954      31,768      31,945      31,901      31,724      31,906      31,786      31,701 Essex County                      
3  36033      44,115      44,149      42,859      43,207      43,554      43,415      43,229      42,937      42,428      41,770      40,662      40,562 Franklin County                   
3  36035      44,718      44,858      45,024      45,238      45,610      45,475      45,713      45,680      45,518      45,620      45,316      45,243 Fulton County                     
3  36037      51,698      51,922      52,211      52,520      52,610      52,488      52,687      52,640      52,445      52,191      51,921      51,856 Genesee County                    
3  36039      41,386      41,076      40,847      40,333      40,121      40,137      39,893      39,597      39,127      38,229      37,774      37,651 Greene County                     
3  36041       4,145       4,117       4,127       4,131       4,226       4,159       4,214       4,286       4,369       4,411       4,380       4,376 Hamilton County                   
3  36043      52,770      52,894      53,394      54,223      54,793      55,010      55,382      55,334      55,134      55,029      54,789      54,773 Herkimer County                   
3  36045      95,976      96,823      97,667      98,353     100,117     101,103     103,031     101,360     101,371     100,221      99,270      98,796 Jefferson County                  
3  36047   1,983,984   1,986,524   1,987,620   1,987,328   1,988,894   1,994,834   2,003,482   2,007,462   2,006,290   2,010,113   2,019,256   2,020,906 Kings County                      
3  36049      23,745      23,693      23,836      23,992      24,106      24,045      24,023      23,876      23,911      23,837      23,663      23,590 Lewis County                      
3  36051      58,600      58,407      58,014      58,130      57,933      57,711      57,540      57,124      56,791      55,765      55,559      55,422 Livingston County                 
3  36053      62,527      62,543      62,374      62,314      62,780      62,771      62,984      62,926      62,908      62,161      61,425      61,266 Madison County                    
3  36055     619,275     619,435     621,982     624,677     626,802     628,776     632,237     634,476     632,527     628,095     626,037     625,160 Monroe County                     
3  36057      40,741      40,858      41,083      41,370      41,684      41,924      41,926      41,895      41,947      41,866      41,961      41,908 Montgomery County                 
3  36059   1,109,397   1,108,670   1,104,801   1,102,539   1,102,794   1,103,573   1,103,697   1,104,409   1,104,818   1,104,237   1,103,813   1,106,418 Nassau County                     
3  36061   1,361,382   1,359,823   1,355,336   1,349,478   1,340,713   1,331,608   1,319,845   1,307,328   1,297,600   1,293,429   1,293,807   1,293,745 New York County                   
3  36063     180,526     181,750     183,286     184,851     185,915     186,570     186,725     187,012     186,628     187,128     187,649     187,425 Niagara County                    
3  36065     191,714     192,057     192,703     194,030     196,629     202,480     209,123     211,378     213,275     213,360     212,348     212,251 Oneida County                     
3  36067     391,783     392,564     394,219     396,828     401,119     405,004     408,132     410,855     410,915     410,533     409,039     408,446 Onondaga County                   
3  36069      87,084      86,578      86,374      86,387      86,143      85,535      85,374      85,179      84,535      83,746      82,791      82,627 Ontario County                    
3  36071     305,040     299,345     295,465     292,857     290,375     288,401     286,331     285,011     282,528     279,300     276,776     275,706 Orange County                     
3  36073      39,542      39,541      39,499      39,439      39,586      39,564      39,308      38,710      38,526      37,242      36,708      36,594 Orleans County                    
3  36075     110,692     110,350     110,187     111,025     111,300     111,451     111,650     111,927     110,863     110,108     109,230     108,722 Oswego County                     
3  36077      51,517      51,549      51,377      51,448      51,710      51,891      52,244      52,025      51,761      51,440      51,377      51,305 Otsego County                     
3  36079      86,853      85,495      84,248      83,232      82,097      81,456      80,674      79,917      78,883      77,697      76,698      76,442 Putnam County                     
3  36081   1,711,472   1,713,495   1,708,663   1,696,595   1,685,975   1,676,312   1,671,928   1,669,049   1,663,995   1,664,869   1,667,562   1,667,342 Queens County                     
3  36083     130,886     130,733     131,425     132,037     133,328     133,527     134,246     135,074     135,315     134,245     134,267     134,089 Rensselaer County                 
3  36085     368,843     364,421     358,951     354,437     351,646     350,186     350,138     349,996     346,439     342,117     337,826     337,063 Richmond County                   
3  36087     251,966     250,724     248,183     246,150     245,600     245,252     244,431     243,087     241,338     240,155     239,093     238,817 Rockland County                   
3  36089      98,589      98,962      98,993      99,456     100,400     100,847     101,025     101,329     100,471      99,567      98,648      98,505 St. Lawrence County               
3  36091     179,789     177,275     175,270     173,871     173,235     172,885     171,922     169,605     168,006     165,456     163,463     162,622 Saratoga County                   
3  36093     119,031     119,581     120,559     121,476     122,450     123,632     124,277     124,821     125,184     125,340     124,718     124,607 Schenectady County                
3  36095      27,830      27,738      27,435      27,626      28,050      27,983      28,120      28,278      28,265      28,015      27,453      27,348 Schoharie County                  
3  36097      16,489      16,330      16,334      16,253      16,286      16,353      16,196      16,196      16,169      16,112      16,044      16,012 Schuyler County                   
3  36099      28,009      27,935      27,954      28,190      28,387      27,602      27,627      27,852      28,536      28,736      28,714      28,727 Seneca County                     
3  36101      83,534      83,258      83,491      83,770      84,064      84,618      85,399      85,388      85,300      85,180      84,810      84,696 Steuben County                    
3  36103   1,234,056   1,221,364   1,210,455   1,201,904   1,197,604   1,195,133   1,193,025   1,190,383   1,185,218   1,180,580   1,180,928   1,180,768 Suffolk County                    
3  36105      60,026      59,667      59,731      59,827      60,171      60,078      60,240      60,457      60,121      59,627      59,342      59,193 Sullivan County                   
3  36107      45,392      45,614      45,951      45,995      46,179      46,631      47,391      47,448      47,369      47,107      46,751      46,637 Tioga County                      
3  36109      89,002      89,009      88,175      88,294      88,221      88,781      88,312      87,851      87,385      86,883      85,814      85,667 Tompkins County                   
3  36111     144,734     144,264     143,920     144,090     144,284     144,546     145,679     147,072     146,702     146,052     144,393     144,027 Ulster County                     
3  36113      52,534      52,444      52,253      52,301      52,360      52,533      52,409      52,375      51,732      51,376      50,926      50,696 Warren County                     
3  36115      51,923      52,001      51,875      52,073      52,527      52,598      52,404      52,469      52,245      52,047      51,684      51,560 Washington County                 
3  36117      84,271      84,229      83,968      83,567      83,299      82,931      82,286      81,765      80,812      80,021      79,097      78,851 Wayne County                      
3  36119     780,623     776,116     770,969     766,070     763,459     760,824     758,535     757,270     754,913     750,953     750,081     750,003 Westchester County                
3  36121      38,836      38,978      38,837      39,017      39,156      38,801      38,574      38,444      38,319      38,058      37,443      37,391 Wyoming County                    
3  36123      20,853      20,844      20,583      20,507      20,464      20,336      20,270      19,897      19,663      19,546      19,401      19,344 Yates County                      
   

         -----------------------------------------------------------Period Births------------------------------------------------------------                                   
 Block,     4/1/1990   7/1/1999   7/1/1998   7/1/1997   7/1/1996   7/1/1995   7/1/1994   7/1/1993   7/1/1992   7/1/1991   7/1/1990   4/1/1990                                   
 State,           to         to         to         to         to         to         to         to         to         to         to         to                                   
 County     7/1/2000   7/1/2000   7/1/1999   7/1/1998   7/1/1997   7/1/1996   7/1/1995   7/1/1994   7/1/1993   7/1/1992   7/1/1991   7/1/1990 Area Name                         
-- ----- ------------------------------------------------------------------------------------------------------------------------------------ ----------------------------------
4  36      2,802,804    259,465    256,132    257,570    260,136    267,168    274,961    279,618    285,662    291,409    295,258     75,425 New York                          
4  36001      36,995      3,392      3,358      3,374      3,344      3,367      3,616      3,789      3,823      3,888      3,988      1,056 Albany County                     
4  36003       6,216        555        555        556        566        594        575        653        638        668        699        157 Allegany County                   
4  36005     250,910     22,836     22,625     22,533     22,854     23,631     24,459     25,555     26,017     26,614     27,209      6,577 Bronx County                      
4  36007      25,907      2,217      2,190      2,214      2,212      2,396      2,511      2,748      2,790      2,876      2,976        777 Broome County                     
4  36009      11,445      1,064      1,056      1,064      1,066      1,085      1,082      1,144      1,179      1,128      1,238        339 Cattaraugus County                
4  36011      10,582        939        899        940      1,016        953      1,027      1,025      1,084      1,202      1,191        306 Cayuga County                     
4  36013      17,943      1,609      1,569      1,609      1,606      1,744      1,709      1,766      1,841      1,949      2,015        526 Chautauqua County                 
4  36015      11,855      1,041      1,005      1,040      1,078      1,081      1,247      1,140      1,260      1,291      1,310        362 Chemung County                    
4  36017       6,863        621        609        621        605        618        665        702        698        734        804        186 Chenango County                   
4  36019      10,299        784        757        785        850        913      1,013      1,134      1,191      1,244      1,285        343 Clinton County                    
4  36021       7,246        653        592        652        679        696        695        742        740        756        815        226 Columbia County                   
4  36023       6,486        553        578        553        599        591        655        671        690        704        695        197 Cortland County                   
4  36025       5,348        478        462        478        477        475        488        540        560        586        616        188 Delaware County                   
4  36027      36,149      3,291      3,336      3,279      3,407      3,451      3,453      3,467      3,866      3,755      3,829      1,015 Dutchess County                   
4  36029     130,306     11,702     11,491     11,639     11,775     12,323     12,655     13,097     13,491     13,923     14,386      3,824 Erie County                       
4  36031       4,443        398        366        398        405        408        452        442        456        466        519        133 Essex County                      
4  36033       5,635        479        481        478        474        559        590        649        598        573        605        149 Franklin County                   
4  36035       6,993        621        617        621        644        660        709        715        709        755        740        202 Fulton County                     
4  36037       8,238        709        698        709        785        758        817        815        884        872        937        254 Genesee County                    
4  36039       5,515        502        491        502        536        473        554        551        571        583        608        144 Greene County                     
4  36041         488         48         41         48         37         53         45         38         52         53         61         12 Hamilton County                   
4  36043       7,874        681        681        681        703        729        756        819        810        919        865        230 Herkimer County                   
4  36045      19,517      1,748      1,721      1,745      1,732      1,822      1,956      1,952      2,000      2,101      2,167        573 Jefferson County                  
4  36047     434,179     40,360     39,693     39,821     40,139     41,217     42,595     43,163     44,354     45,468     45,998     11,371 Kings County                      
4  36049       3,884        358        337        358        353        357        376        382        402        426        408        127 Lewis County                      
4  36051       7,590        715        672        715        682        729        712        753        770        810        808        224 Livingston County                 
4  36053       9,237        839        837        840        859        857        899        907        965        969      1,023        242 Madison County                    
4  36055     107,792      9,652      9,545      9,591      9,728      9,819     10,198     10,869     11,417     11,977     11,769      3,227 Monroe County                     
4  36057       6,646        632        604        633        572        585        676        679        675        689        700        201 Montgomery County                 
4  36059     182,962     17,254     17,108     17,187     17,344     17,921     18,848     18,411     18,107     18,053     18,036      4,693 Nassau County                     
4  36061     211,476     19,514     19,267     19,310     19,713     20,182     21,084     21,094     21,588     21,784     22,349      5,591 New York County                   
4  36063      29,513      2,683      2,629      2,677      2,666      2,841      2,774      3,021      3,073      3,087      3,197        865 Niagara County                    
4  36065      31,582      2,711      2,622      2,707      2,693      2,737      3,052      3,376      3,429      3,622      3,692        941 Oneida County                     
4  36067      68,103      6,071      5,930      6,042      6,081      6,265      6,714      7,061      7,006      7,390      7,535      2,008 Onondaga County                   
4  36069      13,075      1,160      1,154      1,160      1,187      1,223      1,277      1,280      1,418      1,388      1,441        387 Ontario County                    
4  36071      51,957      4,843      4,728      4,836      4,946      5,040      5,008      5,120      5,250      5,318      5,460      1,408 Orange County                     
4  36073       5,993        563        546        562        532        577        550        614        608        651        621        169 Orleans County                    
4  36075      17,230      1,469      1,463      1,470      1,485      1,581      1,675      1,799      1,843      1,907      1,983        555 Oswego County                     
4  36077       6,639        605        565        605        558        591        667        641        717        741        744        205 Otsego County                     
4  36079      13,135      1,242      1,209      1,242      1,266      1,251      1,172      1,262      1,339      1,391      1,401        360 Putnam County                     
4  36081     330,023     32,041     31,726     31,635     31,999     32,975     32,139     32,071     32,625     32,592     32,333      7,887 Queens County                     
4  36083      20,453      1,781      1,751      1,778      1,874      1,998      2,000      2,049      2,135      2,256      2,261        570 Rensselaer County                 
4  36085      62,357      5,819      5,744      5,790      5,757      5,957      6,116      6,199      6,338      6,491      6,538      1,608 Richmond County                   
4  36087      44,102      4,472      4,406      4,453      4,291      4,262      4,330      4,191      4,286      4,173      4,144      1,094 Rockland County                   
4  36089      13,587      1,170      1,206      1,171      1,191      1,301      1,269      1,290      1,472      1,568      1,543        406 St. Lawrence County               
4  36091      26,668      2,465      2,495      2,467      2,469      2,693      2,654      2,622      2,638      2,625      2,803        737 Saratoga County                   
4  36093      20,145      1,775      1,747      1,770      1,778      1,878      2,038      2,106      2,072      2,103      2,280        598 Schenectady County                
4  36095       3,619        311        316        311        356        366        357        360        370        407        360        105 Schoharie County                  
4  36097       2,339        199        213        199        226        219        246        230        247        239        251         70 Schuyler County                   
4  36099       4,162        359        370        359        401        371        384        421        443        460        481        113 Seneca County                     
4  36101      13,258      1,194      1,160      1,195      1,154      1,207      1,320      1,337      1,383      1,441      1,471        396 Steuben County                    
4  36103     209,256     19,954     19,858     19,908     19,891     20,227     20,567     20,243     20,715     21,174     21,189      5,530 Suffolk County                    
4  36105       9,631        845        810        843        859        833        953      1,007      1,013      1,065      1,111        292 Sullivan County                   
4  36107       6,664        591        562        591        632        668        537        678        697        716        784        208 Tioga County                      
4  36109      10,051        852        837        850        860        889        932      1,096      1,119      1,117      1,180        319 Tompkins County                   
4  36111      21,802      1,957      1,854      1,955      1,919      2,087      1,992      2,196      2,285      2,388      2,501        668 Ulster County                     
4  36113       7,621        630        671        630        689        703        737        807        806        855        861        232 Warren County                     
4  36115       7,415        643        580        643        639        711        840        743        771        819        818        208 Washington County                 
4  36117      13,712      1,327      1,243      1,327      1,267      1,230      1,260      1,394      1,374      1,393      1,497        400 Wayne County                      
4  36119     133,110     12,689     12,696     12,620     12,846     12,657     13,451     13,078     13,121     13,286     13,240      3,426 Westchester County                
4  36121       5,169        465        461        466        450        457        537        531        511        605        560        126 Wyoming County                    
4  36123       3,414        334        339        334        334        326        296        383        332        325        329         82 Yates County                      
   

         -----------------------------------------------------------Period Deaths------------------------------------------------------------                                   
 Block,     4/1/1990   7/1/1999   7/1/1998   7/1/1997   7/1/1996   7/1/1995   7/1/1994   7/1/1993   7/1/1992   7/1/1991   7/1/1990   4/1/1990                                   
 State,           to         to         to         to         to         to         to         to         to         to         to         to                                   
 County     7/1/2000   7/1/2000   7/1/1999   7/1/1998   7/1/1997   7/1/1996   7/1/1995   7/1/1994   7/1/1993   7/1/1992   7/1/1991   7/1/1990 Area Name                         
-- ----- ------------------------------------------------------------------------------------------------------------------------------------ ----------------------------------
5  36      1,677,134    156,613    155,111    155,700    163,152    166,338    170,011    168,500    169,412    166,300    165,804     40,193 New York                          
5  36001      29,405      2,823      2,830      2,791      2,904      2,915      2,887      2,880      2,934      2,928      2,862        651 Albany County                     
5  36003       4,866        493        488        493        447        468        500        514        465        453        429        116 Allegany County                   
5  36005     121,874     10,621     10,486     10,512     11,427     12,349     12,802     12,507     12,859     12,657     12,628      3,026 Bronx County                      
5  36007      21,427      2,127      2,105      2,120      2,164      2,000      2,025      2,118      2,075      2,106      2,076        511 Broome County                     
5  36009       8,642        853        835        853        889        834        860        892        799        790        814        223 Cattaraugus County                
5  36011       8,043        789        750        785        796        808        814        815        770        821        709        186 Cayuga County                     
5  36013      15,249      1,406      1,381      1,403      1,502      1,475      1,601      1,616      1,458      1,535      1,504        368 Chautauqua County                 
5  36015       9,898        961        944        944        952        965        966        964      1,057        958        960        227 Chemung County                    
5  36017       5,347        529        523        530        523        513        568        517        525        481        511        127 Chenango County                   
5  36019       6,319        641        618        641        608        603        621        654        603        613        572        145 Clinton County                    
5  36021       6,907        671        646        670        669        697        713        649        670        684        684        154 Columbia County                   
5  36023       4,317        420        432        417        448        421        387        440        423        403        423        103 Cortland County                   
5  36025       5,442        568        537        566        546        514        498        529        497        543        516        128 Delaware County                   
5  36027      21,488      2,052      2,017      2,057      2,266      2,171      2,152      2,122      2,132      2,080      2,021        418 Dutchess County                   
5  36029     104,864     10,165     10,050     10,077     10,240     10,138     10,239     10,466     10,291     10,280     10,399      2,519 Erie County                       
5  36031       4,120        426        397        425        391        410        422        427        374        391        351        106 Essex County                      
5  36033       4,596        452        424        452        437        446        452        460        449        453        450        121 Franklin County                   
5  36035       5,891        553        543        549        588        584        589        592        583        596        591        123 Fulton County                     
5  36037       5,830        597        562        601        580        571        558        547        560        568        564        122 Genesee County                    
5  36039       5,082        528        516        527        462        494        497        465        482        514        485        112 Greene County                     
5  36041         628         62         62         62         62         51         64         59         67         55         68         16 Hamilton County                   
5  36043       7,153        732        693        732        728        654        667        745        693        700        659        150 Herkimer County                   
5  36045       9,187        913        887        910        917        936        909        872        815        868        927        233 Jefferson County                  
5  36047     213,213     18,796     18,784     18,729     20,122     21,566     22,280     21,664     22,430     21,819     21,716      5,307 Kings County                      
5  36049       2,327        218        221        217        217        222        245        247        230        225        234         51 Lewis County                      
5  36051       5,027        483        487        483        526        488        478        513        479        503        482        105 Livingston County                 
5  36053       5,673        550        539        549        528        549        598        581        552        536        545        146 Madison County                    
5  36055      62,477      6,108      6,132      6,083      6,257      6,112      6,291      6,246      6,096      5,987      5,796      1,369 Monroe County                     
5  36057       6,522        616        586        611        652        680        646        608        663        661        648        151 Montgomery County                 
5  36059     115,440     11,018     10,972     10,964     11,313     11,176     11,722     11,358     11,555     11,396     11,258      2,708 Nassau County                     
5  36061     139,154     11,838     11,678     11,717     12,777     13,860     14,643     14,529     14,886     14,629     14,966      3,631 New York County                   
5  36063      23,265      2,313      2,332      2,278      2,323      2,264      2,237      2,278      2,309      2,292      2,109        530 Niagara County                    
5  36065      26,031      2,526      2,462      2,519      2,591      2,585      2,557      2,595      2,520      2,541      2,507        628 Oneida County                     
5  36067      42,281      4,229      4,080      4,214      4,124      4,212      4,228      4,253      4,017      3,892      4,025      1,007 Onondaga County                   
5  36069       9,211        927        897        910        916        929        923        911        880        864        862        192 Ontario County                    
5  36071      24,718      2,384      2,347      2,370      2,548      2,500      2,487      2,373      2,395      2,408      2,353        553 Orange County                     
5  36073       3,989        379        374        366        414        461        386        403        385        363        370         88 Orleans County                    
5  36075      10,397      1,056        996      1,058        952      1,012      1,025      1,064      1,016        952      1,020        246 Oswego County                     
5  36077       6,004        570        578        570        627        590        565        556        648        584        569        147 Otsego County                     
5  36079       5,498        540        536        541        569        533        579        524        554        510        483        129 Putnam County                     
5  36081     181,024     16,417     16,256     16,349     17,239     17,941     18,507     18,195     18,660     18,314     18,592      4,554 Queens County                     
5  36083      14,453      1,323      1,323      1,316      1,470      1,421      1,508      1,450      1,446      1,469      1,361        366 Rensselaer County                 
5  36085      35,041      3,359      3,423      3,313      3,555      3,504      3,540      3,502      3,475      3,366      3,233        771 Richmond County                   
5  36087      20,439      1,892      1,949      1,868      2,038      2,113      2,058      2,041      2,078      2,034      1,943        425 Rockland County                   
5  36089      10,421      1,023        961      1,021      1,076        976      1,039      1,025      1,063      1,019      1,011        207 St. Lawrence County               
5  36091      13,495      1,366      1,328      1,361      1,398      1,293      1,272      1,320      1,326      1,284      1,221        326 Saratoga County                   
5  36093      16,301      1,612      1,612      1,603      1,589      1,557      1,607      1,618      1,622      1,501      1,612        368 Schenectady County                
5  36095       3,158        313        306        311        326        304        299        321        312        308        286         72 Schoharie County                  
5  36097       1,830        174        174        174        174        206        187        182        187        166        169         37 Schuyler County                   
5  36099       3,319        297        285        296        334        320        333        369        361        329        318         77 Seneca County                     
5  36101      10,269        966        973        962      1,024      1,090        995      1,044      1,035        956        986        238 Steuben County                    
5  36103     110,581     10,736     10,753     10,702     11,029     11,022     10,981     10,836     10,884     10,572     10,521      2,545 Suffolk County                    
5  36105       7,630        698        672        707        742        789        765        753        784        765        758        197 Sullivan County                   
5  36107       4,017        376        336        376        448        400        374        373        407        433        401         93 Tioga County                      
5  36109       5,836        562        588        563        611        509        548        633        579        572        551        120 Tompkins County                   
5  36111      16,289      1,584      1,573      1,576      1,613      1,587      1,654      1,683      1,584      1,497      1,535        403 Ulster County                     
5  36113       6,004        593        588        594        615        622        590        583        567        533        597        122 Warren County                     
5  36115       5,648        502        514        501        592        552        594        617        564        598        513        101 Washington County                 
5  36117       7,669        772        762        769        768        726        777        776        757        704        689        169 Wayne County                      
5  36119      79,755      7,524      7,396      7,451      7,853      8,042      8,084      7,990      7,939      7,632      7,845      1,999 Westchester County                
5  36121       3,643        336        350        336        375        355        390        371        364        362        320         84 Wyoming County                    
5  36123       2,510        255        262        255        281        253        228        265        222        247        196         46 Yates County                      
   

         ----------------------------------------------------Net International Migration-----------------------------------------------------                                   
 Block,     4/1/1990   7/1/1999   7/1/1998   7/1/1997   7/1/1996   7/1/1995   7/1/1994   7/1/1993   7/1/1992   7/1/1991   7/1/1990   4/1/1990                                   
 State,           to         to         to         to         to         to         to         to         to         to         to         to                                   
 County     7/1/2000   7/1/2000   7/1/1999   7/1/1998   7/1/1997   7/1/1996   7/1/1995   7/1/1994   7/1/1993   7/1/1992   7/1/1991   7/1/1990 Area Name                         
-- ----- ------------------------------------------------------------------------------------------------------------------------------------ ----------------------------------
6  36      1,214,290     96,752     97,861    115,474    125,805    127,556    116,323    117,187    135,789    132,245    118,586     30,712 New York                          
6  36001       5,674        537        546        499        626        613        532        612        472        582        518        137 Albany County                     
6  36003         161         18         17          5         12         20         24         18         11          3         25          8 Allegany County                   
6  36005     149,478     10,803     10,827     13,357     15,803     16,745     16,427     14,889     16,944     14,994     14,837      3,852 Bronx County                      
6  36007       4,139        360        327        350        377        329        348        352        519        569        520         88 Broome County                     
6  36009         290         11         43         33         31         62         10          7         34         24         27          8 Cattaraugus County                
6  36011          29          6        -12          4          3         28          5         -7        -18         -5         17          8 Cayuga County                     
6  36013         326         25         35         37         11         56         30          9         31         31         54          7 Chautauqua County                 
6  36015         262         25         13          6         -6         51         34         36         22         55         20          6 Chemung County                    
6  36017         173         14         25         13          7         28         32         15         15          1         26         -3 Chenango County                   
6  36019         610         42         24         62         56         35         42         67         60         94        102         26 Clinton County                    
6  36021         407         42         46         70         62         45         41         16         29         10         36         10 Columbia County                   
6  36023         210         16         11          9         11         35         25         20         22         26         30          5 Cortland County                   
6  36025          69         12          1          8          9         15         19          3         -5         17        -10          0 Delaware County                   
6  36027       3,618        399        423        335        339        291        304        220        412        357        452         86 Dutchess County                   
6  36029       9,612        862        694        749        882        972        949        969      1,170      1,130      1,028        207 Erie County                       
6  36031         134          8         12         16         11         18         26         11         -7         17         23         -1 Essex County                      
6  36033         109          2         -7         17          4         -1         -3         42         21         14         22         -2 Franklin County                   
6  36035          83          4         -7         23         15         19          4         -2          5          4         16          2 Fulton County                     
6  36037         144         24          0         11         18         25         17         19          3         12          9          6 Genesee County                    
6  36039         103         -4          0          5         26         42         15         31          5         -6        -10         -1 Greene County                     
6  36041           4          1         -1          0          0          3          3         -1          3         -2         -1         -1 Hamilton County                   
6  36043         166          7          9         23         35         25         31         10         -1         19         12         -4 Herkimer County                   
6  36045         891         88         93         96         86        129         82         84         83         76         55         19 Jefferson County                  
6  36047     356,065     25,784     27,449     32,679     35,279     35,709     34,278     36,655     42,313     41,423     35,340      9,156 Kings County                      
6  36049          80          2          3          2          6          3          9         18         10         17          8          2 Lewis County                      
6  36051         186          4          3          0         19         17         21         23         29         36         26          8 Livingston County                 
6  36053         182         20         22         31         17         16         13          3         16         33         15         -4 Madison County                    
6  36055      14,856      1,682      1,710      1,378      1,482      1,539      1,370      1,198      1,530      1,430      1,218        319 Monroe County                     
6  36057         164          0        -17         29          7         18         30         32         15         33         12          5 Montgomery County                 
6  36059      46,407      3,846      3,889      4,641      4,879      4,938      3,807      4,512      5,247      4,818      4,547      1,283 Nassau County                     
6  36061     187,833     13,162     12,448     14,553     17,976     19,622     18,946     19,296     22,697     23,612     20,535      4,986 New York County                   
6  36063         722         33         30         43         68         41         63        128        140         66         75         35 Niagara County                    
6  36065       6,843      1,224      1,217        906        555        480        422        307        533        700        379        120 Oneida County                     
6  36067       6,595        603        537        484        569        564        643        639        868        811        680        197 Onondaga County                   
6  36069         325         20         18         23         23         32         40         25         29         47         63          5 Ontario County                    
6  36071       4,140        413        327        506        560        482        337        363        358        318        371        105 Orange County                     
6  36073         171         22         14         27         22         24          4          7         16         20         12          3 Orleans County                    
6  36075         361         40         48         39         34         40          7         47         17         57         20         12 Oswego County                     
6  36077         166         12         17         10         10         29         15         20         31         10          1         11 Otsego County                     
6  36079         851         96         57        126         91         96         59         82         88        110         34         12 Putnam County                     
6  36081     295,023     25,688     25,935     32,065     33,401     32,779     27,064     25,669     29,434     29,101     26,805      7,082 Queens County                     
6  36083       1,100         73         91         84        125        126        124         70        111        157        100         39 Rensselaer County                 
6  36085      14,303      1,311      1,633      1,538      1,625      1,482      1,307      1,148      1,293      1,332      1,255        379 Richmond County                   
6  36087      12,554      1,049      1,054      1,136      1,194      1,270      1,216      1,394      1,278      1,206      1,382        375 Rockland County                   
6  36089         554         68         53         48         46         49         58         35         60         55         63         19 St. Lawrence County               
6  36091       1,127        131        153        107         92        130         95        107        103         91         98         20 Saratoga County                   
6  36093       1,426        171        193        170        179        185        149         90         82        143         37         27 Schenectady County                
6  36095          28         10          7          8          6         -7         -5          5          4         -7          7          0 Schoharie County                  
6  36097          31          2          8          2          2         -3          1          3         -2         10          7          1 Schuyler County                   
6  36099          55          4          9          5          5          2          7          3          5         12          0          3 Seneca County                     
6  36101         363         39         52         51         30         46         24         16         31         29         47         -2 Steuben County                    
6  36103      31,742      2,793      2,867      3,421      3,405      3,064      2,721      3,309      3,870      2,985      2,651        656 Suffolk County                    
6  36105         793         62         27         86         84         87        103         73        103         88         67         13 Sullivan County                   
6  36107          50         11         19          1         -9          1          3          4          5          2          8          5 Tioga County                      
6  36109       2,964        293        256        256        269        319        308        207        326        371        295         64 Tompkins County                   
6  36111       1,226         60        105        122        150         88        125         76        124        139        205         32 Ulster County                     
6  36113         227         16         14         29         30         27         27         21         25         26         12          0 Warren County                     
6  36115          56         -2          1         -1         10         10          4          4          0         12         14          4 Washington County                 
6  36117         254         19         27         41         28         27         27         19         21         24         17          4 Wayne County                      
6  36119      47,732      4,691      4,454      5,095      5,115      4,628      3,908      4,156      5,155      4,895      4,364      1,271 Westchester County                
6  36121           9         -5          6         -3          7         14         -8         -3         -5          5          0          1 Wyoming County                    
6  36123          34          3          6          8         -4         -3          4          6         -1          6          8          1 Yates County                      
   

         --------------------------------------------------------Net Federal Movement--------------------------------------------------------                                   
 Block,     4/1/1990   7/1/1999   7/1/1998   7/1/1997   7/1/1996   7/1/1995   7/1/1994   7/1/1993   7/1/1992   7/1/1991   7/1/1990   4/1/1990                                   
 State,           to         to         to         to         to         to         to         to         to         to         to         to                                   
 County     7/1/2000   7/1/2000   7/1/1999   7/1/1998   7/1/1997   7/1/1996   7/1/1995   7/1/1994   7/1/1993   7/1/1992   7/1/1991   7/1/1990 Area Name                         
-- ----- ------------------------------------------------------------------------------------------------------------------------------------ ----------------------------------
7  36         11,261        369          1        450        773        -48        954      1,941      2,765      3,494        899       -337 New York                          
7  36001          77          3          0          3          5          0          6         13         19         24          6         -2 Albany County                     
7  36003           7          0          0          0          0          0          1          1          2          2          1          0 Allegany County                   
7  36005         184          6          0          7         13         -1         16         32         45         57         15         -6 Bronx County                      
7  36007          42          1          0          2          3          0          4          7         10         13          3         -1 Broome County                     
7  36009          17          1          0          1          1          0          1          3          4          5          1          0 Cattaraugus County                
7  36011          20          1          0          1          1          0          2          3          5          6          2         -1 Cayuga County                     
7  36013          32          1          0          1          2          0          3          5          8         10          3         -1 Chautauqua County                 
7  36015          23          1          0          1          2          0          2          4          5          7          2         -1 Chemung County                    
7  36017           3          0          0          0          0          0          0          1          1          1          0          0 Chenango County                   
7  36019         892         29          0         36         61         -4         75        154        220        277         71        -27 Clinton County                    
7  36021          13          0          0          1          1          0          1          2          3          4          1          0 Columbia County                   
7  36023           8          0          0          0          1          0          1          1          2          2          1          0 Cortland County                   
7  36025          11          0          0          0          1          0          1          2          3          3          1          0 Delaware County                   
7  36027          42          1          0          2          3          0          4          7         10         13          3         -1 Dutchess County                   
7  36029         250          8          0         10         17         -1         21         43         62         78         20         -8 Erie County                       
7  36031           7          0          0          0          0          0          1          1          2          2          1          0 Essex County                      
7  36033           3          0          0          0          0          0          0          1          1          1          0          0 Franklin County                   
7  36035          18          1          0          1          1          0          2          3          4          6          1         -1 Fulton County                     
7  36037          10          0          0          0          1          0          1          2          2          3          1          0 Genesee County                    
7  36039          11          0          0          0          1          0          1          2          3          3          1          0 Greene County                     
7  36041           0          0          0          0          0          0          0          0          0          0          0          0 Hamilton County                   
7  36043          10          0          0          0          1          0          1          2          2          3          1          0 Herkimer County                   
7  36045       2,595         86          1        104        178        -12        219        448        637        805        207        -78 Jefferson County                  
7  36047         591         19          0         24         41         -3         50        102        145        184         47        -18 Kings County                      
7  36049          54          2          0          2          4          0          5          9         13         17          4         -2 Lewis County                      
7  36051          10          0          0          0          1          0          1          2          2          3          1          0 Livingston County                 
7  36053          24          1          0          1          2          0          2          4          6          7          2         -1 Madison County                    
7  36055         157          5          0          6         11         -1         13         27         39         49         13         -5 Monroe County                     
7  36057          20          1          0          1          1          0          2          3          5          6          2         -1 Montgomery County                 
7  36059         297         10          0         12         20         -1         25         51         73         92         24         -9 Nassau County                     
7  36061         576         19          0         23         40         -3         49         99        141        179         46        -17 New York County                   
7  36063          90          3          0          4          6          0          8         15         22         28          7         -3 Niagara County                    
7  36065       1,210         40          0         48         83         -6        102        209        297        376         97        -36 Oneida County                     
7  36067         190          6          0          8         13         -1         16         33         47         59         15         -6 Onondaga County                   
7  36069          28          1          0          1          2          0          2          5          7          9          2         -1 Ontario County                    
7  36071       1,794         60          0         72        123         -8        152        309        440        556        144        -54 Orange County                     
7  36073           3          0          0          0          0          0          0          1          1          1          0          0 Orleans County                    
7  36075          38          1          0          2          3          0          3          6          9         12          3         -1 Oswego County                     
7  36077           9          0          0          0          1          0          1          1          2          3          1          0 Otsego County                     
7  36079          24          1          0          1          2          0          2          4          6          7          2         -1 Putnam County                     
7  36081         389         13          0         16         27         -2         33         67         95        121         31        -12 Queens County                     
7  36083          65          2          0          3          4          0          6         11         16         20          5         -2 Rensselaer County                 
7  36085         133          4          0          5          9         -1         11         23         33         42         11         -4 Richmond County                   
7  36087          50          2          0          2          3          0          4          9         12         15          4         -1 Rockland County                   
7  36089          56          2          0          2          4          0          5         10         14         17          4         -2 St. Lawrence County               
7  36091         416         14          0         17         29         -2         35         72        102        129         33        -13 Saratoga County                   
7  36093          72          2          0          3          5          0          6         12         18         22          6         -2 Schenectady County                
7  36095          11          0          0          0          1          0          1          2          3          3          1          0 Schoharie County                  
7  36097           3          0          0          0          0          0          0          1          1          1          0          0 Schuyler County                   
7  36099         179          6          0          7         12         -1         15         31         44         56         14         -5 Seneca County                     
7  36101          16          0          0          1          1          0          1          3          4          5          1          0 Steuben County                    
7  36103         293         10          0         12         20         -1         25         50         72         91         23         -9 Suffolk County                    
7  36105           3          0          0          0          0          0          0          1          1          1          0          0 Sullivan County                   
7  36107          12          0          0          0          1          0          1          2          3          4          1          0 Tioga County                      
7  36109          20          1          0          1          1          0          2          3          5          6          2         -1 Tompkins County                   
7  36111          33          1          0          1          2          0          3          6          8         10          3         -1 Ulster County                     
7  36113          18          1          0          1          1          0          2          3          4          6          1         -1 Warren County                     
7  36115          17          1          0          1          1          0          1          3          4          5          1          0 Washington County                 
7  36117          12          0          0          0          1          0          1          2          3          4          1          0 Wayne County                      
7  36119          69          2          0          3          5          0          6         12         17         21          5         -2 Westchester County                
7  36121           4          0          0          0          0          0          0          1          1          2          0          0 Wyoming County                    
7  36123           0          0          0          0          0          0          0          0          0          0          0          0 Yates County                      
   

         ---------------------------------------------------------Domestic Migration---------------------------------------------------------                                   
 Block,     4/1/1990   7/1/1999   7/1/1998   7/1/1997   7/1/1996   7/1/1995   7/1/1994   7/1/1993   7/1/1992   7/1/1991   7/1/1990   4/1/1990                                   
 State,           to         to         to         to         to         to         to         to         to         to         to         to                                   
 County     7/1/2000   7/1/2000   7/1/1999   7/1/1998   7/1/1997   7/1/1996   7/1/1995   7/1/1994   7/1/1993   7/1/1992   7/1/1991   7/1/1990 Area Name                         
-- ----- ------------------------------------------------------------------------------------------------------------------------------------ ----------------------------------
8  36     -2,017,263   -147,539   -146,755   -190,679   -226,663   -228,682   -220,770   -207,984   -188,018   -198,704   -208,694    -52,775 New York                          
8  36001     -21,144     -1,344     -1,602     -2,366     -2,769     -3,321     -1,994     -2,024     -1,838     -2,292     -1,148       -446 Albany County                     
8  36003      -1,207        -91         13       -330       -611       -449        229        136       -250        -95        245         -4 Allegany County                   
8  36005    -280,404    -18,045    -20,594    -24,314    -27,921    -30,663    -29,779    -28,373    -26,584    -32,740    -34,007     -7,384 Bronx County                      
8  36007     -25,213     -1,379     -1,077     -1,915     -3,289     -4,258     -4,657     -3,356     -2,409     -1,174     -1,296       -403 Broome County                     
8  36009      -2,570       -275       -678       -366       -718         22       -197       -604       -129         97        162        116 Cattaraugus County                
8  36011      -3,364       -296       -663       -400       -437       -322       -225       -268       -270       -397       -107         21 Cayuga County                     
8  36013      -7,875       -907     -1,182     -1,261     -1,343       -636       -899       -514       -159       -755       -184        -35 Chautauqua County                 
8  36015      -5,544       -317       -515       -395       -875       -777       -681       -700       -374       -343       -540        -27 Chemung County                    
8  36017      -2,397         15       -299       -741       -416          9       -519       -311        -20       -101         11        -25 Chenango County                   
8  36019     -11,732       -186       -212       -522       -637     -2,896     -4,129       -678          6     -1,517       -914        -47 Clinton County                    
8  36021        -705       -196       -130       -204       -209       -213        210          5         99        182       -239        -10 Columbia County                   
8  36023      -3,294       -369       -224        -62       -333       -658       -718       -383       -251       -155       -181         40 Cortland County                   
8  36025      -1,082       -116        -29         25       -585       -454        -72        -49        127         50         35        -14 Delaware County                   
8  36027      -6,320        736      1,015        326       -525        -28       -842     -3,164     -1,913       -429     -1,286       -210 Dutchess County                   
8  36029     -77,115     -7,562     -8,503    -11,150    -12,154     -8,859     -8,672     -6,539     -5,418     -3,762     -3,421     -1,075 Erie County                       
8  36031         174        153         64       -240        -90        195       -140         41        262       -170         30         69 Essex County                      
8  36033       2,420        -23      1,209       -445       -408         13         34         37        380        597        797        229 Franklin County                   
8  36035      -2,313       -194       -231       -430       -563        -98       -347       -200        -20       -292         -1         63 Fulton County                     
8  36037      -2,256       -378       -461       -462       -304        -17       -445       -167        -20         24          6        -32 Genesee County                    
8  36039       3,623        398        295        495        129         29        172        225        436        952        390        102 Greene County                     
8  36041         140         70         40         24        -66         90        -26        -29        -45         -1         68         15 Hamilton County                   
8  36043      -3,159        -91       -548       -984       -744       -417       -515        -64        118        -63        176        -27 Herkimer County                   
8  36045     -16,520     -1,776     -1,759     -1,892     -2,956     -2,119     -3,278        103     -1,798       -858       -489        302 Jefferson County                  
8  36047    -596,490    -43,999    -44,592    -52,523    -57,160    -62,434    -61,745    -60,850    -60,894    -66,948    -68,385    -16,960 Kings County                      
8  36049        -963        -41       -231       -278       -204        -73        -42         53       -149        -56         46         12 Lewis County                      
8  36051       1,618        126        348       -287        117        -14        119        204        162        775         38         30 Livingston County                 
8  36053      -1,475       -227        -51       -213       -778       -151       -426       -228       -309        379        460         69 Madison County                    
8  36055     -59,965     -5,151     -7,830     -7,429     -7,085     -6,740     -8,130     -7,426     -4,010     -1,772     -3,454       -938 Monroe County                     
8  36057      -1,812       -222       -332       -459       -368       -192        -72        -78        -66         60       -101         18 Montgomery County                 
8  36059     -84,285     -6,494     -3,940     -8,260    -10,728    -10,245     -7,926     -9,305     -8,501     -7,047     -6,984     -4,855 Nassau County                     
8  36061    -179,861    -16,161    -12,927    -15,827    -16,328    -15,468    -11,696    -12,238    -18,324    -25,631    -28,606     -6,655 New York County                   
8  36063     -12,355     -1,715     -2,093     -2,146     -1,537     -1,163       -440       -896       -280     -1,043       -983        -59 Niagara County                    
8  36065     -34,652     -1,923     -2,265     -2,867     -3,702     -6,731     -7,841     -3,525     -3,397     -1,927       -430        -44 Oneida County                     
8  36067     -44,404     -2,922     -3,906     -5,070     -6,948     -6,358     -5,733     -5,719     -2,997     -2,851     -1,585       -315 Onondaga County                   
8  36069       1,383        334        -35       -338        -95        390        -57       -179        167        569        561         66 Ontario County                    
8  36071        -482      3,017      1,426         33       -545       -713       -529     -1,922       -872        -86       -484        193 Orange County                     
8  36073       1,247       -112        -58       -124       -314       -123        120        391         40      1,058        265        104 Orleans County                    
8  36075      -4,166         42       -227     -1,352       -752       -719       -768     -1,030        336        -52        138        218 Oswego County                     
8  36077        -270        -62        166       -113       -241       -190       -436        191        162        233         35        -15 Otsego County                     
8  36079       4,066        705        636        369        605         35        401        234        284        388        364         45 Putnam County                     
8  36081    -380,099    -38,313    -32,054    -34,525    -37,947    -38,127    -34,564    -34,859    -35,903    -42,069    -41,920     -9,818 Queens County                     
8  36083      -9,469       -346     -1,283     -1,183     -1,903       -791     -1,227     -1,422       -887        233       -502       -158 Rensselaer County                 
8  36085      -1,656      1,184      1,925      1,388       -312     -1,618     -3,001     -2,688        272        821        510       -137 Richmond County                   
8  36087     -14,515     -1,631       -247       -772     -2,164     -2,383     -1,721     -1,227       -726     -1,373     -1,655       -616 Rockland County                   
8  36089      -2,394       -434       -200       -674     -1,081       -667       -319       -532        486        549        455         23 St. Lawrence County               
8  36091       7,294      1,586        991        734       -207       -649        -10      1,272        629      1,473        889        586 Saratoga County                   
8  36093     -10,858     -1,007     -1,507     -1,441     -1,458     -1,767     -1,207     -1,110       -825       -616        174        -94 Schenectady County                
8  36095         338        171        349       -192       -509         30       -168       -189        -13        225        538         96 Schoharie County                  
8  36097         195        127        -59        106       -111        -30        107        -33         15         17         52          4 Schuyler County                   
8  36099      -1,824         31        -92       -302       -273        690       -113       -297       -809       -488       -122        -49 Seneca County                     
8  36101      -3,976         59       -481       -582       -524       -898     -1,067       -260       -110       -147          6         28 Steuben County                    
8  36103     -48,456      3,311      1,504     -1,131     -5,726     -7,325     -6,884     -7,379     -5,686     -5,484    -10,501     -3,155 Suffolk County                    
8  36105      -2,045        173       -219       -378       -663       -136       -458       -689         -7        276         33         23 Sullivan County                   
8  36107      -2,870       -336       -489       -171       -269       -540       -791       -243       -126         62          0         33 Tioga County                      
8  36109      -2,949       -597        309       -553       -440     -1,113        -27       -199       -251       -327        253         -4 Tompkins County                   
8  36111      -3,793        184         79       -538       -507       -694     -1,295     -1,861        -76         31        626        258 Ulster County                     
8  36113         896        179        210        -84       -135       -180         30       -144        456        158        248        158 Warren County                     
8  36115        -703       -178         70       -305       -461       -176         61       -226        143         70        259         40 Washington County                 
8  36117         606       -384       -108        -32       -172        104        252         -4        458        177        241         74 Wayne County                      
8  36119     -61,392     -4,014     -3,675     -5,292     -7,712     -5,995     -5,898     -6,941     -6,575     -5,221     -7,718     -2,351 Westchester County                
8  36121         286       -249         39       -282       -182        228        150        -18         26         82        381        111 Wyoming County                    
8  36123         844        -77        165         23        -20         71         71        264        209         40         57         41 Yates County                      
   

         --------------------------------------------------------------Residual--------------------------------------------------------------                                   
 Block,     4/1/1990   7/1/1999   7/1/1998   7/1/1997   7/1/1996   7/1/1995   7/1/1994   7/1/1993   7/1/1992   7/1/1991   7/1/1990   4/1/1990                                   
 State,           to         to         to         to         to         to         to         to         to         to         to         to                                   
 County     7/1/2000   7/1/2000   7/1/1999   7/1/1998   7/1/1997   7/1/1996   7/1/1995   7/1/1994   7/1/1993   7/1/1992   7/1/1991   7/1/1990 Area Name                         
-- ----- ------------------------------------------------------------------------------------------------------------------------------------ ----------------------------------
9  36        -45,326        457       -165     -1,234       -623     -6,237     -6,996     -7,732     -8,548     -7,318     -7,064        134 New York                          
9  36001       7,346        -91        -85        -15         -2         -1        -29      1,933      1,911      1,881      1,849         -5 Albany County                     
9  36003        -162         -3        -21         -6          2        -12        -18        -18        -27        -24        -59         24 Allegany County                   
9  36005      -1,427        394        614        321        216         47       -213       -812       -893       -763       -405         67 Bronx County                      
9  36007        -633        -10        -49        -22          4        -32        -42       -114       -109       -120       -137         -2 Broome County                     
9  36009        -248         -1          2        -20         -1        -32        -35        -28        -34        -43        -51         -5 Cattaraugus County                
9  36011        -245         -3          3        -18         -4        -34        -30        -29        -28        -44        -27        -31 Cayuga County                     
9  36013        -419        -26        -16        -11         -1        -54        -36        -42        -42        -82        -63        -46 Chautauqua County                 
9  36015        -338         -5        -14        -25         -6        -41        -41        -42        -45        -47        -70         -2 Chemung County                    
9  36017        -141        -10         -7          6         -2        -26        -12        -16        -12        -27        -36          1 Chenango County                   
9  36019         -93        -14        -29        -11          2         57         66        -30        -41        -48        -78         33 Clinton County                    
9  36021        -224         -4        -24        -21         -8        -21        -18        -20        -27        -33        -36        -12 Columbia County                   
9  36023        -181        -15        -20        -14         -3         -8        -21        -20        -25        -24        -39          8 Cortland County                   
9  36025        -171         -4        -18        -17          2         -5        -24        -25        -22        -23        -52         17 Delaware County                   
9  36027        -916        -22        -65        -97        -33       -122        -90        -97        -98       -113       -241         62 Dutchess County                   
9  36029      -3,267       -150        -93        -44        -56       -405       -453       -412       -463       -516       -779        104 Erie County                       
9  36031        -139         -6        -12         -6         -7         -6        -21         -9        -24        -20        -37          9 Essex County                      
9  36033        -111        -14         44         -1          0        -25        -30        -21        -17        -29        135       -153 Franklin County                   
9  36035        -220         -3        -12         -8         -4        -50        -13        -36        -32        -29         20        -53 Fulton County                     
9  36037        -171         -3         -9         -6         -4        -25        -21        -17        -14        -30        -40         -2 Genesee County                    
9  36039        -189        -19        -21         -3        -10        -25        -16        -17        -18        -32        -13        -15 Greene County                     
9  36041         -16          1         -1         -1          0          0         -4         -1         -3         -4         -3          0 Hamilton County                   
9  36043        -241         -6          2          6         -7        -51        -44        -25        -28        -36        -49         -3 Herkimer County                   
9  36045         -24         13         47         27         40         10         33        -30        -46        -59          3        -62 Jefferson County                  
9  36047      -3,630      1,175      1,442        733        339       -413       -506     -2,037     -2,216     -1,543       -793        189 Kings County                      
9  36049         -93        -10         -2         -1         -2        -26        -11         -6         -8        -11        -15         -1 Lewis County                      
9  36051        -264        -23        -23        -13        -12        -38        -37        -20        -19        -37        -39         -3 Livingston County                 
9  36053        -218         -1        -28        -22          0        -25        -21        -24        -23        -34        -58         18 Madison County                    
9  36055      -1,730        -37         81        -23         -5       -178       -172       -307       -310       -336       -500         57 Monroe County                     
9  36057        -186         -6        -11        -10         -6        -12        -28        -19        -22        -31        -40         -1 Montgomery County                 
9  36059      -8,295     -1,017       -880       -471       -347     -1,165     -1,155       -938       -975       -597       -746         -4 Nassau County                     
9  36061      -5,877        147        -63       -200       -196       -818     -1,048     -1,016     -1,184       -814       -519       -166 New York County                   
9  36063        -884        -66        -26        -23        -26       -123       -121        -92       -117       -116       -147        -27 Niagara County                    
9  36065        -500         -9         -2         -8         11         73         29       -128       -132       -146        -25       -163 Oneida County                     
9  36067      -1,134         20          2        -14         26        -99        -95       -221       -194       -254       -299         -6 Onondaga County                   
9  36069        -358         -9        -43        -29        -19        -28        -36        -42        -42        -47        -48        -15 Ontario County                    
9  36071      -1,004          9        -94       -112        -41       -115       -133       -103        -91       -130       -243         49 Orange County                     
9  36073        -167        -10        -20        -12         -1        -16        -16        -21        -14        -34         20        -43 Orleans County                    
9  36075        -374        -32        -41          1         -3        -48        -42        -45        -42        -52        -97         27 Oswego County                     
9  36077        -200         -5        -16        -17         -6        -21        -20        -16        -19        -34        -96         50 Otsego County                     
9  36079        -285         -9         -7        -23        -12        -40        -40        -33        -34        -39        -44         -4 Putnam County                     
9  36081      -5,760      1,088        874        120        -75     -1,053     -1,194     -1,608     -1,825     -1,214       -877          4 Queens County                     
9  36083        -496        -58        -19        -25          5        -51        -42        -68        -63        -74       -244        143 Rensselaer County                 
9  36085      -1,252        -80        -78       -125        -66       -122       -104       -146       -117       -169       -155        -90 Richmond County                   
9  36087        -855        -56       -136        -80         -5        -62        -67        -85        -93       -126       -202         57 Rockland County                   
9  36089        -328        -12        -40        -20          5        -23        -36        -36        -38        -54        -47        -27 St. Lawrence County               
9  36091        -533         24        -31        -60        -26        -60        -79        -55        -56        -96       -104         10 Saratoga County                   
9  36093        -427          1         11        -10         -6        -44        -49        -61        -66        -88       -109         -6 Schenectady County                
9  36095        -104        -15         -5         -5          3        -15        -12        -12         -9        -18         -9         -7 Schoharie County                  
9  36097         -64          0         -7         -5         -2        -12         -5         -4         -9         -7        -20          7 Schuyler County                   
9  36099        -100         -4         -8         -2          0         -1        -16        -10        -20        -15        -52         28 Seneca County                     
9  36101        -395        -25        -27        -22        -13        -73        -39        -43        -31        -52        -65         -5 Steuben County                    
9  36103      -4,159        -94       -590       -459       -116       -338       -421       -379       -414       -627     -1,026        305 Suffolk County                    
9  36105        -321         -5        -18        -15         -6        -55        -39        -61        -39        -35        -79         31 Sullivan County                   
9  36107        -119          5          2        -12         -4        -15         -5        -17        -16        -23        -30         -4 Tioga County                      
9  36109        -271        -19        -26        -14         -4         -6        -46        -29        -27        -40         16        -76 Tompkins County                   
9  36111        -535        -22        -70        -41        -19        -56        -45        -56        -52        -76         30       -128 Ulster County                     
9  36113        -241        -29        -31        -19         -9        -23        -23        -14        -28        -32        -38          5 Warren County                     
9  36115        -237        -31        -26        -14         -1        -21        -30        -29        -17        -28        -46          6 Washington County                 
9  36117        -348        -16        -41        -31        -13        -57        -37        -26        -31        -40        -33        -23 Wayne County                      
9  36119      -1,133       -306       -365       -147        -81       -169       -111         25          4         46       -121         92 Westchester County                
9  36121        -138         -4        -17         -7         -4        -20        -19        -14        -12        -19         57        -79 Wyoming County                    
9  36123         -81         -1         -2        -11         -4         -8        -13         -8        -10        -11        -13          0 Yates County                      
   

        ------------------------------------------------Group Quarters Population------------------------------------------------                                   
 Block,    7/1/1999   7/1/1998   7/1/1997   7/1/1996   7/1/1995   7/1/1994   7/1/1993   7/1/1992   7/1/1991   7/1/1990   4/1/1990                                   
 State,          to         to         to         to         to         to         to         to         to         to         to                                   
 County    7/1/2000   7/1/1999   7/1/1998   7/1/1997   7/1/1996   7/1/1995   7/1/1994   7/1/1993   7/1/1992   7/1/1991   7/1/1990 Area Name                         
-- ------------------------------------------------------------------------------------------------------------------------------ ----------------------------------
10 36       547,043    547,043    542,273    540,473    544,689    545,115    546,714    547,960    546,895    545,102    545,240 New York                          
10 36001     14,035     14,035     13,702     13,584     13,349     13,520     13,329     13,412     13,736     14,176     14,202 Albany County                     
10 36003      4,450      4,450      4,342      4,349      4,754      4,919      4,644      4,523      4,666      4,696      4,804 Allegany County                   
10 36005     40,020     40,020     40,190     40,417     40,437     40,703     40,937     40,882     40,829     40,592     40,445 Bronx County                      
10 36007      8,579      8,579      8,127      8,023      8,074      8,028      8,040      8,013      7,893      7,816      7,815 Broome County                     
10 36009      3,230      3,230      3,230      3,302      3,302      3,302      3,337      3,447      3,396      3,407      3,402 Cattaraugus County                
10 36011      4,871      4,871      4,867      4,694      4,684      4,155      4,107      4,117      4,134      4,481      4,372 Cayuga County                     
10 36013      6,004      6,004      6,008      5,583      5,595      5,607      5,687      5,617      5,367      5,514      5,372 Chautauqua County                 
10 36015      4,858      4,858      4,853      4,875      4,787      4,647      4,662      4,628      4,604      4,698      4,727 Chemung County                    
10 36017        867        867        866        876        874        871        866        817        820        861        870 Chenango County                   
10 36019      7,207      7,207      7,037      7,069      7,128      7,069      7,328      7,739      7,613      7,819      7,962 Clinton County                    
10 36021      2,196      2,196      2,204      2,222      2,235      2,248      2,224      2,166      2,140      2,118      2,102 Columbia County                   
10 36023      3,472      3,472      3,239      2,959      2,789      2,873      3,044      3,099      3,089      3,256      3,290 Cortland County                   
10 36025      1,875      1,875      2,032      1,707      1,698      1,908      1,824      1,859      1,863      1,896      1,973 Delaware County                   
10 36027     17,238     17,238     17,338     17,245     17,630     17,533     17,404     17,536     17,782     18,030     18,386 Dutchess County                   
10 36029     26,144     26,144     25,128     24,648     25,258     24,492     24,417     23,814     23,395     23,761     24,283 Erie County                       
10 36031      2,605      2,605      2,525      2,550      2,595      2,444      2,437      2,415      2,299      2,267      2,316 Essex County                      
10 36033      6,999      6,999      5,607      5,647      5,672      5,513      5,400      5,350      5,245      4,789      4,150 Franklin County                   
10 36035      1,481      1,481      1,479      1,467      1,485      1,214      1,228      1,175      1,165      1,178        967 Fulton County                     
10 36037      1,328      1,328      1,327      1,328      1,256      1,202      1,202      1,202      1,202      1,202      1,202 Genesee County                    
10 36039      3,565      3,565      3,574      3,384      3,396      3,221      3,220      3,233      3,215      2,739      2,675 Greene County                     
10 36041         82         82         82         82         82         82         82         82         82         82         82 Hamilton County                   
10 36043      1,173      1,173      1,173      1,173      1,173      1,173      1,173      1,173      1,173      1,173      1,173 Herkimer County                   
10 36045      8,541      8,541      8,465      7,929      8,551      8,747      9,649      8,713      8,017      7,641      7,391 Jefferson County                  
10 36047     34,628     34,628     34,657     34,537     34,733     34,953     34,187     34,523     34,504     34,448     34,303 Kings County                      
10 36049        321        321        321        321        321        321        321        321        321        321        321 Lewis County                      
10 36051      6,583      6,583      6,346      6,403      6,420      6,354      6,379      6,287      6,218      5,585      5,593 Livingston County                 
10 36053      4,732      4,732      4,733      4,723      4,685      4,836      4,923      5,093      5,182      5,064      5,141 Madison County                    
10 36055     21,302     21,302     21,260     21,352     21,543     21,790     22,123     22,299     22,340     22,274     22,517 Monroe County                     
10 36057      1,025      1,025      1,025      1,025      1,025      1,025      1,025      1,025      1,025      1,025      1,025 Montgomery County                 
10 36059     20,663     20,663     20,652     20,656     20,645     20,658     20,616     20,610     20,609     20,609     20,609 Nassau County                     
10 36061     58,272     58,272     58,529     59,290     59,584     60,084     60,311     60,186     59,912     59,196     58,699 New York County                   
10 36063      3,844      3,844      3,844      3,844      3,844      3,844      3,844      3,844      3,844      3,844      3,844 Niagara County                    
10 36065     14,567     14,567     14,623     14,259     14,648     14,635     14,514     15,145     15,110     15,246     14,664 Oneida County                     
10 36067     15,446     15,446     15,448     15,461     15,603     15,583     15,766     15,876     15,926     15,930     15,954 Onondaga County                   
10 36069      2,555      2,555      2,619      2,798      2,919      2,951      2,988      3,037      3,064      3,046      3,016 Ontario County                    
10 36071     12,951     12,951     12,872     13,057     13,267     13,173     13,255     13,595     13,773     13,849     14,093 Orange County                     
10 36073      3,621      3,621      3,656      3,447      3,477      3,480      3,420      3,092      3,220      2,476      2,301 Orleans County                    
10 36075      4,562      4,562      4,487      4,354      4,314      4,314      4,487      4,737      4,506      4,713      4,817 Oswego County                     
10 36077      4,627      4,627      4,527      4,461      4,435      4,481      4,662      4,512      4,642      4,655      4,871 Otsego County                     
10 36079      1,103      1,103      1,103      1,103      1,103      1,103      1,103      1,103      1,103      1,103      1,103 Putnam County                     
10 36081     26,405     26,405     26,471     26,797     26,842     27,630     27,824     27,668     27,755     27,326     27,219 Queens County                     
10 36083      5,683      5,683      5,667      5,137      5,137      5,137      5,137      5,137      5,749      5,137      5,719 Rensselaer County                 
10 36085      7,474      7,474      7,514      7,522      7,444      7,513      7,971      8,600      7,844      7,763      7,474 Richmond County                   
10 36087      6,605      6,605      6,630      6,707      7,037      7,216      7,494      7,534      7,630      7,880      8,094 Rockland County                   
10 36089     11,789     11,789     11,666     11,608     11,704     11,792     11,478     11,589     11,031     10,701     10,611 St. Lawrence County               
10 36091      3,847      3,847      3,863      3,889      3,900      3,858      4,008      4,082      4,113      4,111      4,122 Saratoga County                   
10 36093      3,944      3,944      3,944      3,944      4,115      4,115      4,177      4,234      4,254      4,297      4,303 Schenectady County                
10 36095      2,037      2,037      1,702      1,773      1,744      1,883      1,964      2,096      2,218      2,142      2,108 Schoharie County                  
10 36097        560        560        566        554        565        570        535        508        438        440        477 Schuyler County                   
10 36099      1,447      1,447      1,449      1,437      1,447        623        665        719        831      1,095      1,200 Seneca County                     
10 36101      1,495      1,495      1,521      1,605      1,703      1,829      1,840      1,926      1,944      1,961      1,961 Steuben County                    
10 36103     24,875     24,875     25,012     24,906     25,067     25,806     26,060     26,478     27,226     27,980     29,098 Suffolk County                    
10 36105      5,424      5,424      5,411      5,416      5,411      5,265      5,250      5,254      5,258      5,248      5,385 Sullivan County                   
10 36107        363        363        363        363        363        363        363        363        363        363        363 Tioga County                      
10 36109     13,697     13,697     13,211     13,265     13,237     13,313     12,784     12,543     12,418     12,346     12,072 Tompkins County                   
10 36111      9,439      9,439      9,404      9,386      9,264      9,087      9,039      9,119      8,971      9,190      8,663 Ulster County                     
10 36113      1,087      1,087      1,087      1,087      1,087      1,087      1,087      1,087      1,087      1,087      1,087 Warren County                     
10 36115      3,627      3,627      3,407      3,414      3,633      3,573      3,579      3,561      3,543      3,600      3,638 Washington County                 
10 36117      1,517      1,517      1,523      1,613      1,619      1,610      1,597      1,470      1,383      1,397      1,304 Wayne County                      
10 36119     28,882     28,882     28,655     28,633     28,778     28,657     28,734     28,714     28,829     28,629     29,000 Westchester County                
10 36121      4,572      4,572      4,458      4,561      4,570      4,480      4,311      4,329      4,334      4,181      3,858 Wyoming County                    
10 36123        652        652        652        652        652        652        652        652        652        652        652 Yates County                      
