01001 36081      6
01003 36047     39
01003 36081     53
01005 36005      7
01005 36047      4
01011 36081     13
01013 36081      9
01015 36047     91
01015 36061     10
01015 36081     12
01017 36047     70
01017 36061     10
01019 36005      2
01023 36005      6
01023 36081      6
01025 36081     48
01031 36047      5
01031 36061     11
01031 36081      3
01035 36047     18
01039 36005      7
01041 36061      3
01043 36081     14
01045 36005     17
01045 36047     17
01045 36061      7
01045 36081     22
01047 36005     30
01047 36061     22
01047 36081     37
01051 36005     10
01051 36047      6
01051 36061      8
01051 36081      8
01053 36047     23
01055 36005     27
01055 36085     13
01063 36061      3
01063 36081     12
01063 36085      6
01065 36081      4
01067 36081      6
01069 36047     35
01069 36061     36
01069 36081     26
01071 36061      1
01073 36005    108
01073 36047    217
01073 36061    184
01073 36081    153
01073 36085      7
01077 36005     11
01077 36085     19
01079 36081      4
01081 36047     16
01081 36061     23
01081 36081     13
01085 36081     17
01087 36005      6
01087 36047     14
01087 36061     13
01087 36081      2
01089 36005     73
01089 36047    154
01089 36061     49
01089 36081     73
01089 36085      7
01091 36061     10
01093 36005     12
01095 36005      9
01097 36005     31
01097 36047     68
01097 36061     79
01097 36081    114
01097 36085     29
01101 36005     45
01101 36047    125
01101 36061     96
01101 36081     54
01103 36005     17
01103 36047     16
01103 36061      2
01107 36047     11
01107 36061      4
01109 36005     14
01109 36061      5
01111 36061      1
01113 36047      9
01113 36081     29
01117 36047     10
01117 36061     44
01119 36081     32
01119 36085      3
01121 36047      8
01121 36061      2
01121 36081     14
01123 36047      8
01125 36047     51
01125 36061     79
01125 36081     54
01131 36047     17
01131 36061      3
01131 36081      1
02020 36005     70
02020 36047    107
02020 36061    170
02020 36081    139
02020 36085     15
02060 36047      5
02090 36005     29
02090 36047      6
02090 36061      7
02090 36081     14
02090 36085      6
02100 36061      5
02110 36061     13
02122 36005     19
02122 36061     19
02130 36005      8
02150 36081     19
02170 36005      6
02170 36061     36
02170 36081     22
02185 36061      4
02185 36081      4
02240 36061     13
02240 36081     10
02261 36061     11
02261 36081      5
02270 36081      2
02282 36047      2
04001 36005      3
04001 36061     20
04003 36005     22
04003 36047     67
04003 36061     34
04005 36047     49
04005 36061     31
04005 36081      1
04005 36085     13
04007 36085      8
04009 36047     16
04009 36085      9
04011 36061      4
04013 36005    576
04013 36047   1427
04013 36061   1222
04013 36081   1987
04013 36085    559
04015 36061     17
04015 36081     36
04017 36005      5
04019 36005    232
04019 36047    358
04019 36061    478
04019 36081    344
04019 36085     25
04021 36047     34
04021 36061     73
04021 36081    104
04023 36005      9
04025 36047     16
04025 36061     86
04025 36081     34
04025 36085      9
04027 36047     39
04027 36061     10
04027 36081     12
05001 36081     20
05005 36047     11
05005 36081      2
05007 36005      9
05007 36047      5
05007 36061     10
05007 36081      9
05009 36061      9
05009 36085     18
05031 36061     32
05033 36047     14
05033 36061      7
05039 36081      4
05043 36061      6
05045 36047      5
05045 36061      7
05045 36081     46
05047 36047     13
05051 36081      7
05059 36081      3
05063 36047     17
05065 36047      4
05065 36061      3
05067 36047      1
05069 36047     18
05075 36061      4
05083 36005      6
05085 36047     28
05093 36047      5
05093 36081      1
05103 36061     39
05105 36047      2
05111 36047      7
05115 36047      6
05117 36047      9
05119 36005     27
05119 36047     65
05119 36061     84
05119 36081      4
05123 36047     16
05129 36061      2
05131 36005      3
05131 36047      5
05131 36081      3
05139 36047      5
05143 36005      1
05143 36047     20
05143 36061     20
05143 36081     12
05147 36081      5
05149 36005     53
05149 36061     12
06001 36005    188
06001 36047    686
06001 36061   1249
06001 36081    762
06001 36085    197
06007 36005     30
06007 36047     19
06007 36081     15
06013 36005    185
06013 36047    392
06013 36061    322
06013 36081    348
06013 36085     44
06017 36061     31
06017 36081      5
06019 36005     11
06019 36047    193
06019 36061     26
06019 36081     63
06019 36085     28
06023 36047     15
06023 36061     31
06025 36005     40
06027 36081     35
06029 36047     27
06029 36061     16
06029 36081     61
06029 36085     25
06031 36005      9
06031 36047     23
06031 36061     38
06031 36081     36
06033 36081     16
06035 36061      6
06035 36081      7
06037 36005   1084
06037 36047   3822
06037 36061  12965
06037 36081   3287
06037 36085    376
06039 36047     14
06039 36061     19
06039 36085      7
06041 36005      6
06041 36047    171
06041 36061    806
06041 36081     46
06041 36085     46
06043 36047     15
06045 36047      7
06045 36061     25
06047 36047     12
06047 36061     20
06047 36081     56
06051 36081      4
06053 36005     15
06053 36047     46
06053 36061    184
06053 36081     47
06055 36005     24
06055 36047      8
06055 36061     48
06055 36081     42
06057 36061     11
06059 36005    318
06059 36047    469
06059 36061    775
06059 36081    673
06059 36085     73
06061 36061     25
06061 36081     27
06061 36085     11
06065 36005    111
06065 36047    443
06065 36061    320
06065 36081    364
06065 36085     52
06067 36005     58
06067 36047    196
06067 36061    275
06067 36081     61
06067 36085     11
06069 36047      1
06069 36081     10
06071 36005    437
06071 36047    265
06071 36061    168
06071 36081    309
06071 36085      9
06073 36005    410
06073 36047   1046
06073 36061   1924
06073 36081   1139
06073 36085    271
06075 36005     81
06075 36047    961
06075 36061   5612
06075 36081    391
06075 36085     77
06077 36005     77
06077 36047     26
06077 36061     50
06077 36081     47
06079 36005      9
06079 36061     65
06081 36005     66
06081 36047    262
06081 36061   1012
06081 36081    187
06081 36085     37
06083 36005      7
06083 36047     49
06083 36061    255
06083 36081    170
06083 36085     43
06085 36005    122
06085 36047    500
06085 36061   1522
06085 36081    414
06085 36085     92
06087 36047     58
06087 36061    106
06087 36081     76
06089 36047      4
06089 36061     22
06091 36061      8
06095 36005     30
06095 36047     34
06095 36061    108
06095 36081    140
06097 36005     50
06097 36047      6
06097 36061    146
06097 36081     78
06099 36005     43
06099 36061     11
06099 36081     45
06101 36081     50
06107 36005     73
06107 36047     19
06107 36061      2
06107 36081      5
06109 36005      4
06109 36061     63
06111 36005     47
06111 36047    122
06111 36061    157
06111 36081     91
06111 36085     28
06113 36047     31
06113 36061     34
06113 36081      5
06113 36085      7
06115 36081      7
08001 36005     19
08001 36047    107
08001 36061     25
08001 36081     62
08001 36085      6
08005 36005    129
08005 36047    532
08005 36061    216
08005 36081    387
08005 36085     84
08013 36005      8
08013 36047    201
08013 36061    336
08013 36081    162
08013 36085     62
08015 36061     12
08019 36061     53
08027 36061      5
08029 36061      2
08029 36081      5
08031 36005    178
08031 36047    363
08031 36061    706
08031 36081    210
08031 36085     33
08035 36005     39
08035 36047     66
08035 36061     30
08035 36081    100
08035 36085      5
08037 36047     19
08037 36061     56
08037 36081      3
08037 36085     26
08039 36085      2
08041 36005     83
08041 36047    277
08041 36061     77
08041 36081    171
08041 36085     61
08043 36005      6
08043 36047      5
08043 36061      2
08045 36047      7
08045 36061     15
08051 36047     13
08051 36061      6
08059 36005     26
08059 36047    112
08059 36061    218
08059 36081    225
08059 36085     19
08061 36061      4
08067 36047     25
08067 36061      6
08067 36081      4
08067 36085      9
08069 36005     47
08069 36047     57
08069 36061     76
08069 36081     36
08077 36061      4
08077 36081     12
08081 36081     10
08083 36061      4
08087 36047      3
08089 36047     43
08093 36047      3
08097 36047     19
08097 36061     53
08099 36061      4
08101 36061     11
08101 36081     36
08103 36081      7
08107 36047     29
08107 36061     25
08109 36061      9
08113 36061     16
08117 36047     11
08117 36061     17
08119 36047      6
08119 36061      8
08121 36061      2
08123 36047     23
08123 36061      9
08123 36081     11
09001 36005   2284
09001 36047   2803
09001 36061   7226
09001 36081   3682
09001 36085    397
09003 36005   1198
09003 36047   1487
09003 36061   1119
09003 36081   1001
09003 36085    204
09005 36005    265
09005 36047    158
09005 36061    633
09005 36081    179
09005 36085      3
09007 36005     57
09007 36047    276
09007 36061    344
09007 36081    132
09007 36085     21
09009 36005   1670
09009 36047   1625
09009 36061   2451
09009 36081   1341
09009 36085     89
09011 36005    426
09011 36047    651
09011 36061    601
09011 36081    449
09011 36085     49
09013 36005     68
09013 36047     50
09013 36061    115
09013 36081     48
09013 36085     42
09015 36005     36
09015 36047     37
09015 36061    127
09015 36081     70
10001 36005    213
10001 36047    287
10001 36061     65
10001 36081    185
10001 36085     46
10003 36005    441
10003 36047    965
10003 36061    504
10003 36081    819
10003 36085    134
10005 36047    138
10005 36061     88
10005 36081     53
10005 36085     25
11001 36005    408
11001 36047    873
11001 36061   2178
11001 36081    556
11001 36085     63
12001 36005     86
12001 36047     53
12001 36061     52
12001 36081    145
12001 36085     20
12005 36005     88
12005 36047     20
12005 36061     47
12005 36081     63
12007 36047     49
12007 36061      9
12009 36005    448
12009 36047   1020
12009 36061    154
12009 36081    926
12009 36085    219
12011 36005   4016
12011 36047   9053
12011 36061   3629
12011 36081  10460
12011 36085   1299
12015 36005    210
12015 36047    211
12015 36061     78
12015 36081    318
12015 36085    129
12017 36005     92
12017 36047    323
12017 36061     69
12017 36081    249
12017 36085     47
12019 36005     45
12019 36047    153
12019 36061     57
12019 36081    210
12019 36085     30
12021 36005    330
12021 36047    269
12021 36061    217
12021 36081    323
12021 36085     94
12023 36005      9
12023 36047     19
12023 36061      7
12023 36081      9
12023 36085     28
12027 36061     14
12029 36047      1
12031 36005    698
12031 36047    778
12031 36061    330
12031 36081    697
12031 36085     72
12033 36005     98
12033 36047     86
12033 36061     51
12033 36081    126
12033 36085     30
12035 36005    149
12035 36047    478
12035 36061     94
12035 36081    247
12035 36085    148
12037 36005     27
12037 36047      7
12039 36005    133
12039 36081     14
12043 36061     12
12043 36085      2
12045 36061     12
12047 36047      5
12047 36061    192
12047 36085      3
12049 36005      4
12051 36047     22
12051 36081     40
12053 36005    183
12053 36047    380
12053 36061     50
12053 36081    548
12053 36085    136
12055 36005    143
12055 36047    234
12055 36061    113
12055 36081    265
12057 36005   2143
12057 36047   2033
12057 36061   1393
12057 36081   1831
12057 36085    377
12059 36005      7
12059 36047      3
12061 36005     33
12061 36047    100
12061 36061    180
12061 36081    114
12061 36085     44
12063 36005      9
12063 36047     28
12063 36061     25
12063 36081      8
12065 36047      8
12067 36047      3
12069 36005     85
12069 36047    226
12069 36061     50
12069 36081    200
12069 36085     68
12071 36005    678
12071 36047    763
12071 36061    174
12071 36081    827
12071 36085    191
12073 36005    179
12073 36047    209
12073 36061    171
12073 36081    158
12075 36047      3
12075 36061      4
12075 36081     11
12081 36005     58
12081 36047    139
12081 36061     62
12081 36081    340
12081 36085     64
12083 36005    525
12083 36047    499
12083 36061    191
12083 36081    388
12083 36085     90
12085 36005    244
12085 36047     85
12085 36061     82
12085 36081    174
12085 36085     47
12086 36005   3749
12086 36047   5340
12086 36061   6154
12086 36081   7467
12086 36085    329
12087 36005     37
12087 36047    120
12087 36061    167
12087 36081    118
12087 36085     13
12089 36047     23
12089 36061     29
12091 36005     40
12091 36047     49
12091 36061     17
12091 36081     29
12091 36085     10
12093 36047     79
12093 36061     41
12095 36005   3545
12095 36047   4187
12095 36061   1388
12095 36081   4523
12095 36085    459
12097 36005   1606
12097 36047   1365
12097 36061    760
12097 36081   1411
12097 36085     81
12099 36005   1863
12099 36047   4946
12099 36061   2946
12099 36081   5808
12099 36085   1034
12101 36005    210
12101 36047    735
12101 36061    187
12101 36081    852
12101 36085    328
12103 36005    565
12103 36047   1421
12103 36061    627
12103 36081   2098
12103 36085    461
12105 36005    453
12105 36047    598
12105 36061    247
12105 36081    408
12105 36085     69
12107 36005     13
12107 36047    164
12107 36061    107
12107 36081     77
12107 36085     22
12109 36005    101
12109 36047     88
12109 36061    108
12109 36081    188
12109 36085     25
12111 36005    209
12111 36047    619
12111 36061     80
12111 36081    612
12111 36085    100
12113 36005     67
12113 36047     35
12113 36081     36
12115 36005    143
12115 36047    283
12115 36061    320
12115 36081    414
12115 36085    229
12117 36005    333
12117 36047    894
12117 36061    278
12117 36081   1265
12117 36085    247
12119 36005      7
12119 36047     10
12119 36061      6
12119 36081     49
12119 36085     18
12121 36047     16
12121 36081     12
12127 36005    731
12127 36047    630
12127 36061    355
12127 36081    826
12127 36085    152
12133 36081      7
13009 36005     12
13009 36047     37
13009 36081     27
13013 36081     30
13015 36081      3
13015 36085     18
13017 36005     21
13017 36061     19
13019 36081      8
13021 36005    116
13021 36047     79
13021 36061     32
13021 36081     47
13023 36005     12
13025 36005      2
13029 36005      6
13029 36047      5
13029 36061     48
13029 36085      3
13031 36047     64
13031 36061     16
13033 36061      7
13037 36047      6
13039 36005     29
13039 36047     31
13039 36061     40
13039 36085     53
13045 36047      9
13045 36061      6
13045 36085      6
13047 36061     13
13049 36047      4
13051 36005    114
13051 36047    485
13051 36061    140
13051 36081    161
13053 36005     16
13053 36047     74
13053 36061      8
13053 36081     14
13055 36061      4
13057 36005      4
13057 36047     68
13057 36061     32
13057 36081    120
13059 36005     37
13059 36047    214
13059 36061     53
13059 36081     68
13059 36085     22
13061 36005      2
13063 36005    245
13063 36047    696
13063 36061    149
13063 36081    624
13063 36085    113
13067 36005    884
13067 36047   1236
13067 36061    416
13067 36081   1174
13067 36085    116
13069 36047     10
13069 36081     20
13071 36047     43
13071 36061      6
13071 36081     11
13073 36005      9
13073 36047     62
13073 36061      9
13073 36085     41
13075 36005      9
13075 36061     23
13075 36085      5
13077 36005     41
13077 36047     51
13077 36061     27
13077 36081     27
13077 36085      7
13085 36047      7
13087 36047     10
13087 36061     78
13089 36005   1801
13089 36047   3029
13089 36061   1113
13089 36081   1797
13089 36085    275
13091 36081     10
13091 36085      2
13093 36061      5
13095 36005     36
13095 36061     31
13095 36081    122
13095 36085     21
13097 36047     74
13097 36061      9
13097 36081     25
13099 36005     28
13099 36047      2
13103 36047      2
13103 36061     26
13107 36047     53
13109 36005      6
13109 36047      9
13113 36005      4
13113 36047    119
13113 36061     39
13113 36081     46
13113 36085      1
13115 36047      6
13115 36061      8
13115 36081     12
13117 36005      8
13117 36061     15
13117 36085     27
13121 36005    906
13121 36047   1199
13121 36061   1253
13121 36081   1300
13121 36085    204
13123 36005     12
13123 36047      4
13127 36005     58
13127 36047     36
13127 36061     22
13127 36081     14
13127 36085      9
13129 36047     40
13129 36061     18
13129 36081      7
13131 36081     18
13133 36047      5
13135 36005    575
13135 36047    821
13135 36061    343
13135 36081   1644
13135 36085     61
13137 36047      7
13137 36081     32
13139 36005     62
13139 36047     30
13139 36061     24
13139 36081     20
13141 36081      4
13143 36081     16
13145 36081     14
13147 36061     11
13151 36005     35
13151 36047     38
13151 36061      7
13151 36081     99
13153 36047     24
13153 36061     34
13153 36081     17
13155 36005      7
13157 36005      4
13157 36061     12
13157 36081      4
13163 36005      6
13163 36047     21
13163 36061      5
13165 36081      6
13167 36047      8
13167 36081      5
13169 36081     24
13173 36005     11
13175 36005      8
13175 36047     16
13175 36061     13
13175 36081     41
13177 36047     14
13179 36005     65
13179 36047    129
13179 36061     89
13179 36081    166
13179 36085     17
13181 36047     21
13183 36005     36
13183 36047     30
13183 36081     17
13185 36047     48
13185 36061     22
13185 36081    121
13187 36047      9
13187 36061      5
13189 36005     27
13193 36047      2
13195 36005     11
13195 36081      7
13197 36047     12
13205 36047     10
13205 36085      8
13211 36047      7
13211 36061      3
13215 36005     87
13215 36047    200
13215 36061    103
13215 36081    145
13217 36005     45
13217 36047     25
13217 36081    103
13219 36005      6
13219 36047     36
13219 36085     36
13223 36081     21
13223 36085     20
13225 36047     14
13227 36081      9
13233 36005     54
13235 36081     10
13237 36047     12
13237 36061     13
13237 36081      4
13239 36047     24
13241 36081      6
13243 36005     22
13243 36047     43
13245 36005    261
13245 36047    328
13245 36061     81
13245 36081    119
13247 36005    100
13247 36047     28
13247 36061     32
13247 36081     29
13249 36047      2
13251 36005     18
13251 36047     15
13251 36081      5
13253 36047      9
13255 36047      7
13255 36061      5
13255 36081      5
13257 36061      7
13257 36081     28
13259 36047      7
13259 36081     10
13261 36005      3
13261 36081     26
13263 36047      2
13267 36005     10
13267 36061     18
13269 36005      1
13273 36005      9
13273 36047      7
13273 36061     43
13275 36047     16
13275 36081     26
13277 36005     10
13277 36061     19
13277 36081     23
13279 36061      7
13279 36081     16
13281 36081      7
13283 36085      4
13285 36005      7
13285 36047     27
13285 36081      8
13285 36085      5
13289 36005     10
13289 36047     39
13293 36061     10
13295 36061      4
13295 36081      4
13297 36047     10
13297 36061      9
13299 36047     12
13299 36061      6
13299 36085      6
13301 36005     14
13301 36047      2
13303 36005     17
13303 36047      1
13305 36061     24
13309 36085      3
13311 36047     14
13313 36005      9
13313 36047     20
13313 36081     20
13317 36047     11
13317 36081      7
15001 36047      3
15001 36061      6
15001 36081     11
15003 36005    150
15003 36047    386
15003 36061    438
15003 36081    354
15003 36085      7
15007 36061      2
15007 36081     17
15009 36005      9
15009 36047      6
15009 36061     62
15009 36081     31
16001 36047     29
16001 36061     23
16001 36081      8
16005 36047      8
16013 36047      7
16013 36061     40
16013 36081     10
16017 36061     11
16017 36081      2
16019 36081     10
16027 36061     11
16027 36081     27
16031 36061      2
16039 36047     17
16053 36047      5
16053 36081      4
16055 36061      5
16055 36081      9
16057 36061     10
16061 36061      2
16065 36061     12
16065 36081      9
16069 36061      9
17001 36005      7
17001 36061      7
17003 36061     19
17009 36047      4
17011 36047      4
17011 36061      8
17019 36005      7
17019 36047     18
17019 36061     50
17019 36081     40
17019 36085      5
17031 36005    566
17031 36047   2044
17031 36061   3638
17031 36081   1338
17031 36085    185
17037 36047      8
17037 36061      6
17037 36085     30
17043 36005     41
17043 36047    211
17043 36061    322
17043 36081    375
17043 36085     39
17055 36005      9
17055 36047      5
17073 36061      7
17077 36047     10
17077 36061     17
17077 36081     10
17083 36061      7
17089 36047     24
17089 36061     45
17089 36081     78
17089 36085     21
17091 36005      2
17091 36081     13
17095 36061     26
17097 36005    100
17097 36047    318
17097 36061    231
17097 36081    138
17099 36005     38
17099 36047      8
17105 36047      3
17107 36085      6
17109 36047      6
17111 36047     16
17111 36061      7
17111 36081     28
17113 36047     25
17113 36061     18
17113 36081     27
17115 36005      8
17119 36005      8
17119 36061      6
17121 36005      4
17121 36047      3
17121 36085      7
17123 36061      3
17133 36081      9
17141 36061     10
17143 36047      4
17143 36061      7
17157 36081      8
17161 36005      8
17161 36061      6
17161 36081     15
17163 36047      7
17163 36061      4
17163 36081     14
17167 36047     39
17167 36061     34
17177 36081     21
17183 36061      2
17185 36061      4
17187 36061     12
17197 36047     37
17197 36061     19
17197 36081      7
17197 36085     27
17201 36047      6
17201 36061     37
17201 36081     24
17203 36047     27
18003 36005     48
18003 36047     20
18003 36061     94
18003 36081     11
18005 36005     16
18011 36061     31
18011 36081      6
18013 36085      6
18015 36081      5
18015 36085     12
18019 36047     21
18019 36081      5
18021 36061     20
18029 36047     11
18031 36047      1
18033 36085     14
18035 36047      8
18037 36081      9
18039 36005     27
18039 36047     68
18045 36005      5
18045 36081      3
18047 36081      6
18049 36061      8
18051 36047     22
18053 36047     21
18057 36047     35
18057 36061    113
18057 36081     10
18057 36085     19
18063 36047     16
18063 36061     54
18067 36005     33
18067 36081     54
18069 36061     17
18073 36047     31
18073 36061      5
18081 36047     10
18081 36061      5
18085 36081      5
18087 36005      2
18087 36047      6
18087 36081      5
18089 36005     21
18089 36047     53
18089 36061      7
18089 36081     17
18091 36061      6
18095 36047      4
18095 36061     10
18097 36005    233
18097 36047    382
18097 36061    290
18097 36081    333
18097 36085     17
18099 36047     11
18099 36081      6
18103 36061      6
18105 36005      6
18105 36047     32
18105 36061     69
18105 36081      8
18109 36061      4
18113 36005     15
18127 36005     10
18127 36061      7
18127 36081     14
18133 36047     16
18133 36061     19
18141 36005     38
18141 36047     30
18141 36061     23
18141 36081     42
18141 36085      5
18145 36081      7
18151 36081      8
18155 36047     12
18157 36005      7
18157 36047     43
18157 36081      9
18163 36005     12
18163 36047      8
18163 36061     14
18167 36005     10
18167 36047     22
18167 36061      9
18167 36085     29
18173 36005      8
18177 36005     26
18177 36081      6
18181 36047      4
18183 36047     21
19005 36047     14
19011 36085     10
19013 36047      9
19021 36081      7
19033 36047      6
19033 36061     19
19035 36047     14
19043 36047      8
19043 36061      2
19043 36081      5
19047 36047      4
19049 36005      7
19049 36081     36
19057 36047      2
19057 36061      6
19061 36061     14
19061 36081     14
19063 36061      8
19063 36081      4
19101 36061      5
19103 36005      4
19103 36047     41
19103 36061     69
19103 36081     71
19111 36061     11
19111 36081     29
19113 36061     32
19113 36081      5
19115 36047      3
19117 36061      2
19127 36005     15
19127 36061      8
19131 36061      7
19137 36085      4
19139 36047      9
19139 36061      6
19145 36085      6
19153 36005      9
19153 36047     22
19153 36061    119
19153 36081     31
19155 36081      9
19157 36081      1
19163 36005      5
19163 36047     21
19163 36061     35
19167 36061     14
19169 36081      6
19169 36085     11
19183 36061      7
19185 36061      4
19191 36005      7
19191 36047      2
19193 36005     11
19193 36047     48
19193 36061      3
20023 36061      4
20037 36061     18
20045 36005     13
20045 36061     31
20045 36081     45
20051 36081      8
20053 36061     22
20055 36047     18
20055 36061     36
20057 36061     43
20059 36061     28
20061 36005     13
20061 36047     18
20061 36081      6
20079 36047      5
20079 36085      8
20085 36081      8
20089 36047      8
20091 36047     48
20091 36061     83
20091 36081    175
20091 36085     38
20103 36047      7
20103 36081     11
20103 36085      7
20105 36061      1
20111 36081     19
20119 36081      2
20129 36081      4
20147 36047      5
20155 36061     14
20161 36047     17
20161 36061      9
20161 36081     38
20173 36005      9
20173 36047      8
20173 36061     25
20173 36081     89
20177 36005     13
20177 36047      5
20177 36061     24
20177 36081     35
20179 36005      7
20187 36081      2
20197 36081      5
20209 36005      3
20209 36047      8
20209 36061     17
20209 36081     96
21009 36061     24
21009 36085     14
21015 36047     22
21015 36081      8
21017 36061     10
21019 36047     16
21023 36005      5
21025 36061     17
21035 36061      5
21037 36047      8
21037 36061     11
21037 36081      9
21047 36005     23
21047 36047    127
21047 36061     13
21047 36081     25
21047 36085     36
21051 36005      9
21067 36005     18
21067 36047     88
21067 36061     96
21067 36081    138
21067 36085     16
21071 36005      7
21071 36047      6
21071 36061      6
21083 36061     10
21089 36047     15
21093 36005     30
21093 36047     19
21095 36005      6
21095 36047      6
21101 36061      7
21107 36061     16
21109 36081      3
21111 36005     62
21111 36047    151
21111 36061    244
21111 36081    202
21111 36085     53
21113 36005      5
21113 36061     11
21113 36081     12
21117 36047     12
21117 36061      5
21117 36081      6
21119 36047      7
21123 36047      7
21125 36005     24
21125 36047     12
21133 36081     14
21141 36047      9
21141 36061      8
21145 36061     40
21145 36085      8
21151 36061     16
21151 36081     10
21161 36005      8
21163 36081      6
21167 36085      2
21169 36085     11
21179 36047      7
21185 36061      2
21185 36081      3
21187 36047      4
21199 36081     10
21205 36047      5
21213 36081     10
21225 36005     12
21225 36047      9
21227 36047     30
21227 36061      9
21227 36081      8
21239 36005      8
22005 36081     18
22009 36047     14
22013 36047      2
22015 36047     10
22015 36061     10
22015 36081     74
22017 36005     16
22017 36047      7
22017 36061     22
22017 36081     40
22019 36005      9
22019 36047     18
22019 36061     35
22019 36081      6
22029 36047      1
22033 36005     69
22033 36047     38
22033 36061    127
22033 36081     74
22033 36085      4
22047 36081      7
22051 36005    286
22051 36047    169
22051 36061    150
22051 36081     44
22051 36085     30
22053 36061     11
22055 36047     12
22055 36061     21
22057 36047      7
22057 36061     15
22061 36005      7
22061 36047     21
22061 36061     14
22063 36047      2
22065 36061      1
22067 36061     36
22069 36047      5
22071 36005    123
22071 36047    161
22071 36061    486
22071 36081    225
22071 36085     23
22073 36047      7
22073 36081      8
22079 36047     28
22079 36061      9
22079 36081      2
22083 36047      2
22087 36047     74
22089 36047      8
22089 36085     54
22095 36047      5
22097 36047      4
22097 36061      9
22101 36047     23
22101 36061      6
22103 36005     35
22103 36047     34
22103 36061     30
22103 36081     16
22105 36047      7
22105 36061      2
22105 36081      6
22109 36047     12
22109 36081      9
22115 36005     20
22115 36047    102
22115 36061     30
22115 36081     29
22115 36085     17
22117 36047      6
22119 36061     10
22119 36081      4
22121 36081      4
22125 36061      2
23001 36005     29
23001 36047     46
23001 36061     67
23001 36081     14
23003 36005     10
23003 36047      8
23003 36061     12
23003 36081     34
23005 36005     58
23005 36047    231
23005 36061    279
23005 36081    155
23005 36085     43
23007 36047      2
23009 36005     23
23009 36047     44
23009 36061     54
23009 36081     20
23009 36085     17
23011 36005      7
23011 36047     18
23011 36061     66
23011 36081     15
23013 36047     15
23013 36061     29
23013 36081     29
23015 36047      9
23015 36061     12
23015 36081     11
23015 36085      6
23017 36047      1
23017 36061      2
23017 36081      3
23019 36047     24
23019 36061     34
23019 36081     15
23021 36081     31
23023 36005     18
23023 36047      7
23023 36061     26
23023 36085     10
23025 36085      2
23027 36047      6
23027 36061     17
23029 36005     23
23029 36047     12
23029 36061     47
23029 36081      7
23031 36005     25
23031 36047     69
23031 36061     91
23031 36081     79
24001 36047      7
24001 36061     51
24003 36005    171
24003 36047    395
24003 36061    364
24003 36081    308
24003 36085     12
24005 36005    498
24005 36047   1030
24005 36061    661
24005 36081    845
24005 36085     30
24009 36005     27
24009 36047     13
24009 36081     31
24011 36047      6
24011 36061     25
24011 36081     24
24013 36047     23
24013 36061     39
24015 36005     36
24015 36047     12
24015 36081      6
24017 36005     20
24017 36061     67
24017 36081     34
24019 36005     11
24019 36047     13
24019 36061     12
24019 36081     11
24021 36005     75
24021 36047     74
24021 36061     42
24021 36081    130
24021 36085     19
24025 36005    179
24025 36047    174
24025 36061     60
24025 36081     98
24025 36085     30
24027 36005    145
24027 36047    260
24027 36061    183
24027 36081    228
24027 36085     27
24029 36005     11
24029 36047      6
24029 36081     18
24029 36085      7
24031 36005    521
24031 36047   1168
24031 36061   1431
24031 36081   1485
24031 36085    104
24033 36005   1080
24033 36047   1363
24033 36061    664
24033 36081   1403
24033 36085    302
24035 36061     22
24035 36085     17
24037 36047     16
24037 36061     12
24037 36081     36
24037 36085      7
24039 36005      7
24039 36047     50
24039 36081     30
24041 36047      2
24041 36061     10
24041 36081     17
24043 36005      6
24043 36047     17
24043 36061      9
24043 36081     98
24043 36085      7
24045 36005     32
24045 36047     92
24045 36061     94
24045 36081     38
24047 36005     27
24047 36047      9
24047 36081     11
24510 36005    617
24510 36047   1165
24510 36061    550
24510 36081    379
24510 36085    121
25001 36005     88
25001 36047    315
25001 36061    266
25001 36081     93
25001 36085     31
25003 36005     60
25003 36047     87
25003 36061    504
25003 36081     82
25003 36085     18
25005 36005    161
25005 36047     95
25005 36061    139
25005 36081    358
25007 36047      3
25007 36061     72
25007 36081     12
25009 36005   1332
25009 36047    757
25009 36061   1046
25009 36081    866
25011 36005     12
25011 36047     39
25011 36061     82
25011 36081     11
25011 36085     25
25013 36005    391
25013 36047    811
25013 36061    374
25013 36081    293
25013 36085     45
25015 36005     43
25015 36047    206
25015 36061    311
25015 36081    147
25015 36085      9
25017 36005    898
25017 36047   1621
25017 36061   3265
25017 36081   1229
25017 36085    119
25019 36047      6
25019 36061     41
25021 36005    195
25021 36047    450
25021 36061   1320
25021 36081    441
25021 36085     51
25023 36005     75
25023 36047    243
25023 36061    107
25023 36081    205
25023 36085     17
25025 36005    807
25025 36047   1789
25025 36061   2711
25025 36081   1238
25025 36085    186
25027 36005    635
25027 36047    933
25027 36061    756
25027 36081    570
25027 36085     55
26005 36047     26
26009 36047      2
26009 36061      3
26015 36061     10
26017 36061      6
26021 36005     23
26021 36047     21
26021 36061      6
26021 36081     45
26021 36085     14
26023 36047      6
26023 36085     36
26025 36047     14
26029 36061     10
26031 36061      1
26033 36081      1
26035 36081      9
26037 36061     31
26045 36047      8
26045 36061      5
26045 36081     30
26047 36005      6
26047 36061      7
26049 36005     21
26049 36047     64
26049 36061     36
26049 36081     24
26051 36061      1
26051 36081      5
26055 36047     65
26055 36061     17
26055 36081     12
26055 36085      2
26057 36061     12
26057 36085      9
26063 36061      3
26065 36005     36
26065 36047     76
26065 36061     74
26065 36081     48
26065 36085     14
26067 36061      8
26067 36081      7
26069 36047      2
26071 36047      2
26073 36005      2
26075 36061     15
26075 36081      8
26077 36005     34
26077 36047     19
26077 36061     70
26077 36081     17
26081 36005    107
26081 36047    307
26081 36061    107
26081 36081     77
26087 36081      6
26089 36061      6
26089 36085      4
26091 36085     11
26093 36005      2
26093 36047      7
26099 36005    121
26099 36047     73
26099 36061    106
26099 36081    182
26099 36085      5
26101 36061      5
26103 36061     11
26107 36061      5
26111 36047      5
26111 36061     17
26111 36081      7
26113 36047      2
26115 36005      7
26115 36047     26
26115 36061      4
26117 36061      1
26117 36081      4
26121 36061     39
26121 36081      4
26121 36085     15
26123 36081      5
26125 36005    207
26125 36047    277
26125 36061    459
26125 36081    177
26125 36085     20
26135 36005      1
26139 36005     16
26139 36047      8
26139 36061     13
26139 36081     22
26139 36085     25
26141 36081      6
26143 36005      9
26145 36047     21
26145 36061     16
26145 36081     17
26147 36005      9
26147 36047      5
26147 36081     15
26147 36085     15
26149 36047      5
26149 36061      9
26155 36047     15
26157 36061      1
26157 36085      3
26159 36047      8
26159 36081     15
26161 36005     28
26161 36047    191
26161 36061    503
26161 36081    221
26161 36085      9
26163 36005    272
26163 36047    408
26163 36061    658
26163 36081    708
26163 36085     43
27003 36061     28
27003 36081     85
27003 36085      7
27007 36061     56
27013 36081      7
27017 36061      4
27019 36047      8
27023 36081      2
27027 36047      5
27027 36061      5
27031 36061      2
27037 36005     42
27037 36047     84
27037 36061     30
27037 36081     71
27037 36085     18
27039 36061      3
27041 36061      3
27047 36047      6
27047 36081      5
27049 36005      4
27049 36061      2
27053 36005    261
27053 36047    808
27053 36061    645
27053 36081    880
27053 36085     65
27061 36081      2
27065 36081      3
27067 36005      2
27067 36081      3
27075 36081      4
27083 36047      2
27087 36061      2
27089 36061      4
27099 36061      6
27107 36081      5
27109 36047     60
27109 36081     16
27115 36047      4
27115 36061      1
27119 36047      1
27123 36005     91
27123 36047    289
27123 36061    145
27123 36081    118
27123 36085     37
27131 36047     15
27131 36061    105
27137 36005      7
27137 36047     20
27137 36081     22
27139 36005     10
27139 36061     16
27139 36081     64
27141 36061     37
27145 36061     20
27145 36081     45
27163 36047     50
27163 36061     29
27165 36081      6
27169 36061      4
27169 36081     21
28001 36061     14
28003 36081      8
28005 36047     12
28007 36047     17
28011 36047      2
28011 36081      9
28015 36081      1
28023 36081      8
28025 36081      8
28027 36005      2
28027 36061      4
28027 36081     24
28033 36005     13
28035 36047     28
28035 36061     19
28041 36047      3
28043 36047     20
28045 36047     15
28045 36061      8
28047 36005     58
28047 36047     51
28047 36061     82
28047 36081     39
28047 36085     15
28049 36005     17
28049 36047     43
28049 36061     55
28049 36081     46
28059 36005      7
28059 36047     16
28059 36061     16
28061 36081      6
28067 36047      4
28067 36061      7
28067 36081      5
28069 36047     14
28071 36047     15
28073 36047      4
28073 36061      3
28075 36005      6
28075 36047     51
28075 36061      3
28075 36081      9
28081 36081      9
28083 36047     18
28083 36081     13
28085 36081      6
28087 36005     14
28089 36081     15
28093 36047     10
28101 36085      2
28103 36047      6
28105 36047      6
28109 36005     15
28109 36061     18
28111 36047      3
28113 36005      4
28113 36047     32
28115 36047     14
28115 36081      1
28121 36047     31
28121 36061     39
28121 36081     34
28123 36047      3
28123 36081      3
28133 36005      7
28149 36005     18
28149 36061     10
28151 36005     10
28153 36061      7
28159 36081     23
28161 36005      1
28163 36081     23
29019 36005      8
29019 36047      7
29019 36061     25
29019 36085     68
29021 36081      3
29021 36085     18
29027 36047     19
29027 36085      4
29031 36047      7
29037 36081      3
29039 36047      7
29047 36047     36
29047 36085      7
29051 36047      7
29051 36081     28
29063 36081      7
29065 36047      6
29069 36047      7
29077 36005      9
29077 36047     29
29077 36061     11
29077 36081    112
29091 36081      2
29095 36005    118
29095 36047    229
29095 36061    186
29095 36081     36
29095 36085     31
29097 36085      7
29099 36081     14
29101 36047      7
29101 36061      7
29101 36085      7
29109 36005     10
29109 36061      2
29111 36047      6
29121 36047      8
29133 36061      9
29133 36081      8
29135 36005      1
29135 36061      4
29141 36081      8
29145 36047      7
29147 36061      1
29149 36061     24
29155 36047      4
29161 36061      6
29163 36081      2
29165 36047     39
29165 36081     21
29167 36081      5
29169 36005     23
29169 36047     41
29169 36061     35
29169 36081     37
29171 36047      4
29181 36047      4
29183 36081     70
29185 36047      7
29186 36081      4
29187 36047     14
29187 36061     22
29187 36081      3
29189 36005     50
29189 36047    208
29189 36061    160
29189 36081    233
29189 36085     68
29201 36047     26
29209 36081     13
29213 36061     13
29215 36047      3
29215 36061      2
29215 36081      4
29217 36047      2
29510 36047     50
29510 36061    133
29510 36081     71
30001 36061      2
30001 36081     15
30013 36047     14
30013 36061     15
30029 36005      8
30029 36061     32
30031 36047     14
30031 36061     30
30031 36081     23
30041 36005      4
30041 36061     11
30043 36061      2
30047 36061     22
30049 36047      5
30049 36081     20
30057 36047      3
30063 36005      8
30063 36047      4
30063 36061     23
30063 36081     11
30067 36047     14
30067 36081      2
30083 36061      3
30085 36061      2
30089 36061      2
30093 36061      8
30093 36081     31
30111 36061      5
30111 36081      1
31001 36047     11
31003 36061      6
31019 36061     16
31025 36005      1
31029 36061      7
31031 36047      3
31035 36061      4
31037 36005     34
31055 36005     59
31055 36047    144
31055 36061     76
31055 36081     52
31055 36085     14
31077 36005      2
31079 36005      4
31079 36047      8
31109 36047     24
31109 36061     38
31109 36081     30
31109 36085     32
31143 36061      2
31153 36047     42
31153 36061     15
31153 36081     19
31153 36085      9
31157 36061     22
31177 36047      5
31179 36061      4
31183 36081      2
32001 36081     12
32003 36005    662
32003 36047   1782
32003 36061   1109
32003 36081   1727
32003 36085    319
32005 36047     20
32007 36081     26
32011 36081      4
32017 36047     10
32019 36047      3
32021 36061      7
32023 36081      6
32023 36085     22
32031 36005     16
32031 36047     36
32031 36061    148
32031 36081     12
32510 36061     11
33001 36005      7
33001 36047     15
33001 36081      4
33003 36047      6
33003 36061     32
33003 36081     49
33005 36005     28
33005 36047      5
33005 36061     27
33005 36081     80
33007 36081      7
33009 36005     37
33009 36047     18
33009 36061    228
33009 36081     60
33011 36005    302
33011 36047    520
33011 36061    227
33011 36081    233
33011 36085     23
33013 36005     52
33013 36061     82
33013 36081     50
33013 36085     13
33015 36005     30
33015 36047     27
33015 36061     70
33015 36081     69
33015 36085     20
33017 36005      8
33017 36047     28
33017 36061     26
33017 36081     19
33017 36085     10
33019 36005     12
33019 36047      2
33019 36061      2
33019 36081      2
33019 36085      8
34001 36005    342
34001 36047    603
34001 36061    435
34001 36081    515
34001 36085     72
34003 36005   4767
34003 36047   5445
34003 36061   9423
34003 36081   7967
34003 36085    663
34005 36005    399
34005 36047    784
34005 36061    325
34005 36081    691
34005 36085    160
34007 36005    259
34007 36047    744
34007 36061    393
34007 36081    515
34007 36085    114
34009 36005     57
34009 36047     41
34009 36061    100
34009 36081     24
34009 36085     52
34011 36005     97
34011 36047    220
34011 36061    104
34011 36081    126
34011 36085     28
34013 36005   1737
34013 36047   5488
34013 36061   5383
34013 36081   3104
34013 36085    673
34015 36047    135
34015 36061     98
34015 36081     63
34015 36085     81
34017 36005   3229
34017 36047   4497
34017 36061   8244
34017 36081   4482
34017 36085    581
34019 36005     44
34019 36047    147
34019 36061    320
34019 36081    139
34019 36085    348
34021 36005    308
34021 36047   1182
34021 36061   1346
34021 36081    764
34021 36085    434
34023 36005   1393
34023 36047   8262
34023 36061   2058
34023 36081   4807
34023 36085   3959
34025 36005    735
34025 36047   7991
34025 36061   2006
34025 36081   2742
34025 36085   6323
34027 36005    354
34027 36047   1669
34027 36061   1620
34027 36081   1332
34027 36085    613
34029 36005    312
34029 36047   3634
34029 36061    458
34029 36081   1190
34029 36085   3352
34031 36005   1249
34031 36047   1469
34031 36061   1468
34031 36081   1485
34031 36085    191
34033 36005      2
34033 36061     34
34033 36081     31
34033 36085      5
34035 36005    353
34035 36047   1327
34035 36061    793
34035 36081   1097
34035 36085    979
34037 36005     58
34037 36047    262
34037 36061    176
34037 36081    420
34037 36085    120
34039 36005   1230
34039 36047   3174
34039 36061   2483
34039 36081   1913
34039 36085    910
34041 36005     48
34041 36047    118
34041 36061     94
34041 36081    209
34041 36085    148
35001 36005     43
35001 36047    164
35001 36061    271
35001 36081    149
35001 36085      7
35003 36047      2
35003 36061      2
35007 36061     11
35013 36005     15
35013 36047     35
35013 36061     25
35013 36081      5
35013 36085     10
35017 36047     15
35028 36081      5
35029 36081      7
35031 36047     18
35035 36005      8
35035 36047     14
35035 36061      3
35035 36081      6
35039 36047      7
35039 36061      6
35043 36047    148
35043 36061     51
35043 36081     18
35043 36085     47
35047 36061     29
35049 36005     10
35049 36047     54
35049 36061    245
35049 36081     33
35051 36005      6
35051 36081      5
35053 36081     10
35055 36061     40
35055 36081      9
35061 36047      9
35061 36061     38
36001 36005   1068
36001 36047   1555
36001 36061   1157
36001 36081   1350
36001 36085    231
36003 36005     18
36003 36047     27
36003 36061     21
36003 36081     29
36003 36085      9
36005 01055     19
36005 01065     20
36005 01073     24
36005 01087     46
36005 01089     20
36005 01125     10
36005 02150      8
36005 04013     60
36005 04019     58
36005 04027     18
36005 05041     14
36005 06001     89
36005 06013     82
36005 06019     62
36005 06029     34
36005 06037    630
36005 06041      8
36005 06055     49
36005 06059    169
36005 06065      3
36005 06067     45
36005 06071    150
36005 06073    296
36005 06075    136
36005 06081      6
36005 06085     61
36005 06095     14
36005 06097     18
36005 06099     50
36005 06111     36
36005 08005     27
36005 08013      8
36005 08031     34
36005 08041     18
36005 08059     17
36005 09001    539
36005 09003    286
36005 09005     35
36005 09009    556
36005 09011     36
36005 09013     17
36005 09015     16
36005 10003    113
36005 10005     36
36005 11001    246
36005 12001     19
36005 12005     15
36005 12009    155
36005 12011    300
36005 12021    103
36005 12023     10
36005 12031     39
36005 12051      6
36005 12053     30
36005 12055     63
36005 12057    219
36005 12061     44
36005 12071     45
36005 12073     20
36005 12081     45
36005 12086   1523
36005 12091     36
36005 12095    485
36005 12097     99
36005 12099    263
36005 12101    292
36005 12103    144
36005 12105      8
36005 12109     16
36005 12111     91
36005 12117     22
36005 12127     51
36005 12133      4
36005 13031      8
36005 13051    137
36005 13063     93
36005 13067     58
36005 13089     69
36005 13121    298
36005 13135     31
36005 13179     38
36005 13229     20
36005 13245     28
36005 13305     33
36005 15003    176
36005 15009      9
36005 16005     22
36005 17031    666
36005 17043     15
36005 17063     20
36005 17077      8
36005 17089     15
36005 17097      9
36005 17113      7
36005 17161     41
36005 17163     31
36005 17197      9
36005 17201     39
36005 18005     22
36005 18035     17
36005 18057     11
36005 18089     29
36005 18097      7
36005 18103     32
36005 18105     20
36005 18141     38
36005 18157     14
36005 19103     13
36005 19169      9
36005 20051     24
36005 20161     17
36005 20169      7
36005 21047      7
36005 21067     10
36005 21111     25
36005 21227      8
36005 22039     10
36005 22051     25
36005 22071    116
36005 22079     10
36005 22093     11
36005 22105      4
36005 23005      9
36005 23025      6
36005 24001     39
36005 24003     63
36005 24005      5
36005 24019     32
36005 24027     28
36005 24031    129
36005 24033    230
36005 24037      5
36005 24039     28
36005 24043     13
36005 24045      5
36005 24510    278
36005 25001     30
36005 25003     26
36005 25005     18
36005 25009    122
36005 25011      3
36005 25013    170
36005 25015     46
36005 25017    305
36005 25021    126
36005 25023     28
36005 25025    660
36005 25027     68
36005 26025      9
36005 26055     30
36005 26065     30
36005 26099     60
36005 26125    103
36005 26161     24
36005 26163     73
36005 27053    136
36005 28045      9
36005 29077      9
36005 29095     31
36005 29101     16
36005 29510      7
36005 30087      8
36005 31019     10
36005 31055     24
36005 31109     10
36005 31129     23
36005 32003    116
36005 32031     40
36005 33005     10
36005 33009     52
36005 33011     27
36005 33013     23
36005 33015     12
36005 33017      8
36005 34001    264
36005 34003    959
36005 34005     59
36005 34007    285
36005 34009    128
36005 34011     44
36005 34013    784
36005 34017   1094
36005 34019     17
36005 34021     41
36005 34023    357
36005 34025    287
36005 34027    134
36005 34029    905
36005 34031    302
36005 34035     14
36005 34037    436
36005 34039    493
36005 35031     29
36005 35043     19
36005 35049      5
36005 36001    667
36005 36003   4508
36005 36007    224
36005 36009     90
36005 36011     57
36005 36013    160
36005 36015     34
36005 36017     37
36005 36019    106
36005 36021   1543
36005 36023     23
36005 36025     78
36005 36027    554
36005 36029    871
36005 36033     63
36005 36035     14
36005 36037    125
36005 36039    115
36005 36043    122
36005 36045    239
36005 36047  15579
36005 36049     46
36005 36051     45
36005 36055    376
36005 36057     61
36005 36059   3057
36005 36061  41417
36005 36063     20
36005 36065    185
36005 36067    419
36005 36069     93
36005 36071   1003
36005 36073    148
36005 36075    342
36005 36077    225
36005 36079    307
36005 36081  14059
36005 36083     62
36005 36085    894
36005 36087   1196
36005 36089     37
36005 36091     87
36005 36093     56
36005 36095     73
36005 36099      7
36005 36101    114
36005 36103   1131
36005 36105    246
36005 36107     46
36005 36109    175
36005 36111    172
36005 36113     40
36005 36115     63
36005 36117     86
36005 36119   8545
36005 36121     70
36005 37025     16
36005 37051     36
36005 37063     45
36005 37079     30
36005 37081     14
36005 37087      7
36005 37107     22
36005 37119    125
36005 37125     10
36005 37127      8
36005 37129     45
36005 37133    109
36005 37135     10
36005 37141     23
36005 37143     12
36005 37153     24
36005 37179      6
36005 37183    130
36005 37191     13
36005 37195     64
36005 37197      8
36005 39009     15
36005 39025     29
36005 39035    100
36005 39043     50
36005 39049     55
36005 39061     48
36005 39089     10
36005 39093      7
36005 39095     50
36005 39099     23
36005 39101      7
36005 39113     10
36005 39141     12
36005 39153     18
36005 39167      7
36005 40021      6
36005 40027     13
36005 40131     15
36005 40139     26
36005 40143     14
36005 41047     17
36005 41051      7
36005 42001      9
36005 42003     91
36005 42011    129
36005 42013     11
36005 42017     61
36005 42029    109
36005 42037     17
36005 42041     17
36005 42043     54
36005 42045     72
36005 42055      9
36005 42069     17
36005 42071    120
36005 42075      3
36005 42077     46
36005 42079      6
36005 42087      9
36005 42089    142
36005 42091     51
36005 42095      9
36005 42101    512
36005 42103     52
36005 42107     27
36005 42119     17
36005 42125     21
36005 42127     25
36005 42129     18
36005 42131    321
36005 42133    105
36005 44003     20
36005 44005      9
36005 44007    265
36005 44009     41
36005 45013     28
36005 45015     40
36005 45019     62
36005 45041     10
36005 45047     28
36005 45051     70
36005 45053      4
36005 45063     19
36005 45067     38
36005 45069     21
36005 45075    104
36005 45079     57
36005 45085     11
36005 46135     14
36005 47037      9
36005 47043      9
36005 47055      6
36005 47157    116
36005 48027     48
36005 48029     69
36005 48037     20
36005 48041     10
36005 48085      8
36005 48113    143
36005 48141    118
36005 48157     12
36005 48167      5
36005 48201    336
36005 48215      7
36005 48303      7
36005 48309      3
36005 48439     16
36005 48453     65
36005 48479      5
36005 49005     11
36005 49035     96
36005 49049     11
36005 50001      8
36005 50007     41
36005 50019      8
36005 50021     18
36005 51003     13
36005 51013     77
36005 51029      5
36005 51031      5
36005 51041      8
36005 51053     27
36005 51059      8
36005 51085      6
36005 51087    110
36005 51089     10
36005 51095     14
36005 51143     18
36005 51149     24
36005 51153     36
36005 51161      6
36005 51163      9
36005 51179     11
36005 51550    171
36005 51700     66
36005 51810     84
36005 53033     56
36005 53053     11
36005 53077     56
36005 54025     10
36005 54037     11
36005 54051     16
36005 54055      8
36005 55011     12
36005 55027      6
36005 55079    134
36005 55101     15
36005 55139     19
36005 56029     11
36007 36005    781
36007 36047   1301
36007 36061    684
36007 36081   1108
36007 36085     94
36009 36005     39
36009 36047     10
36009 36061     26
36009 36081     22
36011 36005     20
36011 36047     50
36011 36061     62
36011 36085      8
36013 36005     17
36013 36047     37
36013 36061     58
36013 36081      9
36013 36085      8
36015 36005     13
36015 36047     16
36015 36061     92
36015 36081     25
36017 36005      6
36017 36047     35
36017 36061     36
36017 36081     52
36017 36085     13
36019 36005     88
36019 36047     79
36019 36061    137
36019 36081    144
36019 36085     30
36021 36005    162
36021 36047    385
36021 36061    567
36021 36081    368
36021 36085     43
36023 36005     39
36023 36047     46
36023 36061     43
36023 36081     43
36023 36085     27
36025 36005     54
36025 36047    162
36025 36061    193
36025 36081    350
36025 36085     79
36027 36005   3107
36027 36047   1091
36027 36061   1262
36027 36081   1366
36027 36085    156
36029 36005    371
36029 36047   1036
36029 36061    723
36029 36081   1288
36029 36085     77
36031 36047     32
36031 36061     11
36031 36081     38
36031 36085     17
36033 36005     54
36033 36047     32
36033 36061     17
36033 36081     25
36033 36085      2
36035 36047     42
36035 36061     51
36035 36081     45
36037 36047     13
36037 36061     16
36039 36005     89
36039 36047    275
36039 36061    169
36039 36081    322
36039 36085     93
36041 36047      7
36041 36061      2
36041 36081      4
36043 36005      4
36043 36047     48
36043 36061     17
36043 36081     45
36043 36085      1
36045 36005    124
36045 36047    265
36045 36061     68
36045 36081    121
36045 36085     16
36047 01001     14
36047 01011     25
36047 01043      7
36047 01045     10
36047 01055     20
36047 01073     58
36047 01089     79
36047 01095     12
36047 01097     53
36047 01101     17
36047 01125      7
36047 02020     29
36047 02060      9
36047 02090     75
36047 02240     17
36047 04003     49
36047 04005      7
36047 04013    354
36047 04019    169
36047 04021      7
36047 04027    129
36047 05015     18
36047 05119     18
36047 06001    429
36047 06007     42
36047 06013     98
36047 06019     42
36047 06023     48
36047 06029     68
36047 06037   3133
36047 06039     10
36047 06041     22
36047 06045     41
36047 06047      5
36047 06059    347
36047 06061     13
36047 06065      8
36047 06067     60
36047 06071     51
36047 06073    557
36047 06075   1182
36047 06077     12
36047 06081    158
36047 06083    108
36047 06085    272
36047 06087    127
36047 06091      7
36047 06095     20
36047 06097     21
36047 06099     11
36047 06105      7
36047 06109     13
36047 06111     41
36047 06113     27
36047 08001     17
36047 08005     33
36047 08013    193
36047 08031    230
36047 08041     90
36047 08059     55
36047 08067     20
36047 08069     16
36047 08101      4
36047 08107     18
36047 08117     17
36047 09001    771
36047 09003    461
36047 09005     99
36047 09007    273
36047 09009    890
36047 09011    224
36047 09013     63
36047 09015     33
36047 10001     35
36047 10003    200
36047 11001   1626
36047 12001    158
36047 12005     13
36047 12009     39
36047 12011    798
36047 12015     23
36047 12019     13
36047 12021     16
36047 12031    118
36047 12033     48
36047 12035     14
36047 12053     17
36047 12057    349
36047 12061     17
36047 12063     10
36047 12071     33
36047 12073    209
36047 12081     19
36047 12083     18
36047 12086   2414
36047 12087     15
36047 12091      4
36047 12095    297
36047 12097     85
36047 12099    283
36047 12101     48
36047 12103    110
36047 12105     32
36047 12107     14
36047 12109     26
36047 12111     92
36047 12113     33
36047 12115     65
36047 12117     58
36047 12125      4
36047 12127    109
36047 13015     24
36047 13021      6
36047 13031     27
36047 13051     23
36047 13053     72
36047 13059     74
36047 13063     26
36047 13067    146
36047 13089    363
36047 13095     37
36047 13097     24
36047 13113     16
36047 13121    774
36047 13127      9
36047 13135     19
36047 13147      5
36047 13151     20
36047 13153      6
36047 13163     10
36047 13179     46
36047 13185     24
36047 13215      9
36047 13237      9
36047 13245     13
36047 15001      8
36047 15003    153
36047 15007      5
36047 15009     27
36047 16001     26
36047 16015     14
36047 16057     13
36047 17007     26
36047 17019     20
36047 17023     12
36047 17031   2176
36047 17037      9
36047 17043    116
36047 17083     14
36047 17089      9
36047 17095     10
36047 17097     52
36047 17111     12
36047 17113     23
36047 17129     16
36047 17143     23
36047 17161      7
36047 17165      9
36047 17197     52
36047 17199     10
36047 17201      3
36047 18003     30
36047 18035      9
36047 18067     11
36047 18089     27
36047 18091      5
36047 18095      7
36047 18097     53
36047 18103      9
36047 18105     97
36047 18107     14
36047 18127     13
36047 18141    123
36047 18145      9
36047 18157     28
36047 18163      7
36047 18167     11
36047 18177     14
36047 19043     11
36047 19045     16
36047 19103     66
36047 19149     10
36047 19153     11
36047 19157     27
36047 19163      9
36047 19181      5
36047 19193     16
36047 20037      7
36047 20057     16
36047 20091     99
36047 20125      9
36047 20161     14
36047 20209     17
36047 21021     10
36047 21035      7
36047 21047     23
36047 21059     13
36047 21067     44
36047 21111     77
36047 21119     11
36047 21125     14
36047 21145      9
36047 21209     13
36047 21211     21
36047 21227      4
36047 22033     75
36047 22051     86
36047 22067     24
36047 22071    412
36047 22073     16
36047 22095     14
36047 22123      5
36047 23001     13
36047 23005    116
36047 23009     36
36047 23011     17
36047 23013     13
36047 23019     42
36047 23023     12
36047 23029     13
36047 23031     38
36047 24003    127
36047 24005    233
36047 24021      6
36047 24025     30
36047 24027      7
36047 24029     39
36047 24031    448
36047 24033    314
36047 24037      9
36047 24041      7
36047 24043     16
36047 24045     91
36047 24047      5
36047 24510    903
36047 25001     16
36047 25003    192
36047 25005    194
36047 25009    257
36047 25011     17
36047 25013     81
36047 25015    488
36047 25017   1335
36047 25021    305
36047 25023     57
36047 25025   1469
36047 25027    260
36047 26017     15
36047 26021     19
36047 26045      8
36047 26049     22
36047 26055     19
36047 26065    125
36047 26075     13
36047 26077     94
36047 26081     43
36047 26099     10
36047 26103     13
36047 26115     12
36047 26125    224
36047 26139      4
36047 26143     10
36047 26161    318
36047 26163    303
36047 27003      7
36047 27017     19
36047 27037     24
36047 27053    415
36047 27109     21
36047 27123    163
36047 27131     43
36047 27145      3
36047 27163     13
36047 28001      7
36047 28015     18
36047 28035      6
36047 28043      9
36047 28049     23
36047 28075     12
36047 28081      7
36047 28089     10
36047 28149      5
36047 29019     47
36047 29023      7
36047 29043      8
36047 29071      5
36047 29077     15
36047 29079      7
36047 29095     34
36047 29183      7
36047 29189    115
36047 29213     13
36047 29219      7
36047 29510    253
36047 30063     39
36047 30111      7
36047 31055     53
36047 31109      7
36047 32003    111
36047 32023      3
36047 32031     18
36047 32510     13
36047 33001     12
36047 33005     79
36047 33009     59
36047 33011     71
36047 33013     55
36047 33015     62
36047 33017     70
36047 34001    176
36047 34003    980
36047 34005    261
36047 34007    307
36047 34009     94
36047 34011     41
36047 34013   1101
36047 34015     61
36047 34017   1568
36047 34019     49
36047 34021    418
36047 34023    926
36047 34025    755
36047 34027    304
36047 34029    651
36047 34031    500
36047 34035    146
36047 34037     53
36047 34039    375
36047 35001    148
36047 35013      8
36047 35027     11
36047 35028      3
36047 35041     30
36047 35043      5
36047 35049     43
36047 35055      8
36047 36001   1030
36047 36003     95
36047 36005  11419
36047 36007    716
36047 36009     63
36047 36011     61
36047 36013    240
36047 36015     44
36047 36017    104
36047 36019     92
36047 36021     68
36047 36023     13
36047 36025    149
36047 36027    897
36047 36029    904
36047 36031     76
36047 36033     15
36047 36035     83
36047 36037     41
36047 36039     93
36047 36043    606
36047 36045    358
36047 36049     45
36047 36051    265
36047 36053    271
36047 36055   1035
36047 36057     78
36047 36059   4715
36047 36061  31320
36047 36063     27
36047 36065    716
36047 36067    763
36047 36069     97
36047 36071    882
36047 36073    123
36047 36075    696
36047 36077    227
36047 36079    127
36047 36081  31727
36047 36083    248
36047 36085   3688
36047 36087    969
36047 36089    322
36047 36091    304
36047 36093    149
36047 36095     28
36047 36097     69
36047 36099     67
36047 36101    112
36047 36103   2620
36047 36105    362
36047 36107     79
36047 36109    512
36047 36111    436
36047 36113     54
36047 36115     55
36047 36117     53
36047 36119   2147
36047 36121     45
36047 36123     33
36047 37001     26
36047 37017      8
36047 37021      6
36047 37035     10
36047 37037      5
36047 37045      7
36047 37047     68
36047 37049     69
36047 37051    257
36047 37063    151
36047 37065     12
36047 37067     68
36047 37069     12
36047 37073     12
36047 37077      7
36047 37081     84
36047 37083     13
36047 37093      8
36047 37107     15
36047 37109     32
36047 37117     28
36047 37119    209
36047 37129     19
36047 37133    111
36047 37135    101
36047 37139     22
36047 37141     39
36047 37143      7
36047 37147     68
36047 37153     32
36047 37155     42
36047 37163     31
36047 37165     43
36047 37167      6
36047 37173     13
36047 37175     14
36047 37177      4
36047 37183    115
36047 37191     20
36047 37195     53
36047 39001      8
36047 39007     16
36047 39009     72
36047 39017     71
36047 39025     42
36047 39029      5
36047 39035    240
36047 39041     16
36047 39043      7
36047 39049    269
36047 39057     20
36047 39061    129
36047 39083     36
36047 39085      2
36047 39093    237
36047 39095     45
36047 39097      3
36047 39099     47
36047 39113     81
36047 39133     58
36047 39147     70
36047 39151     45
36047 39153     63
36047 39161      7
36047 39167      9
36047 39169      6
36047 39171     12
36047 40001     31
36047 40027     69
36047 40031      8
36047 40065      6
36047 40109     19
36047 40119      5
36047 40143     98
36047 41005      7
36047 41017     23
36047 41029      9
36047 41035      6
36047 41039     86
36047 41041      6
36047 41047     25
36047 41051    323
36047 41067     66
36047 42001     18
36047 42003    446
36047 42007     45
36047 42011    109
36047 42017    132
36047 42021    100
36047 42025     21
36047 42027    142
36047 42029     61
36047 42031     10
36047 42037     13
36047 42041     72
36047 42043     49
36047 42045    179
36047 42049      6
36047 42063      8
36047 42069    111
36047 42071      4
36047 42075     15
36047 42077    140
36047 42079     77
36047 42083     31
36047 42089     22
36047 42091    201
36047 42095    123
36047 42101   1620
36047 42103     74
36047 42107     15
36047 42115      4
36047 42119     30
36047 42123      7
36047 42125     12
36047 42127     30
36047 42129     39
36047 42133     72
36047 44003      5
36047 44005     35
36047 44007    726
36047 44009      4
36047 45003     64
36047 45007     16
36047 45009      6
36047 45011     16
36047 45013     48
36047 45015     71
36047 45019    232
36047 45031     21
36047 45035     43
36047 45041     66
36047 45043     30
36047 45045     18
36047 45049     23
36047 45055     11
36047 45057     60
36047 45061     16
36047 45071     17
36047 45075     42
36047 45077      9
36047 45079    370
36047 45083     15
36047 45085    112
36047 46005    110
36047 46029     16
36047 47003     12
36047 47009      6
36047 47029      7
36047 47037    203
36047 47043      6
36047 47051     10
36047 47065      9
36047 47093     63
36047 47125     41
36047 47157     94
36047 47163      3
36047 47165     14
36047 47179      6
36047 48015      7
36047 48021     16
36047 48027     55
36047 48029    112
36047 48037     15
36047 48039     14
36047 48041     24
36047 48061      7
36047 48073     15
36047 48085     40
36047 48091      5
36047 48099     42
36047 48113    354
36047 48121     62
36047 48141     58
36047 48145      7
36047 48157     48
36047 48167     11
36047 48187      8
36047 48201    575
36047 48203     22
36047 48215    102
36047 48231      3
36047 48245     28
36047 48257      5
36047 48329      4
36047 48375      9
36047 48439     97
36047 48441     34
36047 48453    553
36047 48471     16
36047 48479     15
36047 48485     13
36047 49011     25
36047 49021     16
36047 49035     64
36047 49039     11
36047 49049     27
36047 50001     28
36047 50003     19
36047 50005      4
36047 50007    167
36047 50015     19
36047 50017      9
36047 50021     23
36047 50023     17
36047 50025      6
36047 51003    149
36047 51013    323
36047 51019     23
36047 51031     10
36047 51041     48
36047 51053     48
36047 51059    406
36047 51087    304
36047 51089     13
36047 51095     41
36047 51107     24
36047 51119     11
36047 51121     67
36047 51137     11
36047 51149     20
36047 51153     35
36047 51161     15
36047 51163     11
36047 51165     17
36047 51173     10
36047 51177     20
36047 51179     26
36047 51191      8
36047 51195     10
36047 51199     18
36047 51550    124
36047 51650     90
36047 51700    245
36047 51800      4
36047 51810    297
36047 53009      4
36047 53011     57
36047 53031      5
36047 53033    750
36047 53053     19
36047 53063     54
36047 53067     27
36047 53073     25
36047 54003      7
36047 54039     28
36047 54055      7
36047 54057      7
36047 54061     95
36047 54069     11
36047 54109      7
36047 55025    287
36047 55027      9
36047 55063     12
36047 55065      8
36047 55079    184
36047 55087      7
36047 55089     10
36047 55097      7
36047 55105     14
36047 55109     19
36047 55133      6
36047 55139      6
36047 55141     54
36047 56021     27
36047 56039     23
36049 36005      7
36049 36081     12
36049 36085      3
36051 36005     51
36051 36047    276
36051 36061      9
36051 36081    101
36051 36085     17
36053 36005     92
36053 36047    157
36053 36061     66
36053 36081     40
36053 36085     26
36055 36005    732
36055 36047   1208
36055 36061    671
36055 36081    656
36055 36085    167
36057 36005    101
36057 36047    126
36057 36061     52
36057 36081     84
36057 36085     14
36059 36005   3436
36059 36047  19947
36059 36061   8396
36059 36081  61802
36059 36085    845
36061 01003     18
36061 01015      9
36061 01053     11
36061 01055     13
36061 01069     10
36061 01073    176
36061 01081     32
36061 01087      8
36061 01089     74
36061 01097     87
36061 01101     94
36061 01117      9
36061 01121     21
36061 01125     59
36061 02020     24
36061 02090     30
36061 02122     10
36061 02201      3
36061 04001     15
36061 04005    143
36061 04007     13
36061 04013    672
36061 04019    379
36061 04025     54
36061 05031      9
36061 05045      8
36061 05051     12
36061 05069     12
36061 05093     20
36061 05107     25
36061 05119    196
36061 05139     12
36061 05143     51
36061 06001   1354
36061 06007     23
36061 06013    370
36061 06019    109
36061 06025     18
36061 06029    106
36061 06037   8446
36061 06041    318
36061 06047     73
36061 06053     75
36061 06055     37
36061 06057      8
36061 06059   1196
36061 06061     15
36061 06063     11
36061 06065    177
36061 06067    153
36061 06071    247
36061 06073   1427
36061 06075   3733
36061 06077     23
36061 06079     29
36061 06081    284
36061 06083    333
36061 06085    896
36061 06087    111
36061 06095     51
36061 06097     99
36061 06099     25
36061 06107     10
36061 06109     24
36061 06111    146
36061 06113     95
36061 08001     32
36061 08005     58
36061 08013    621
36061 08031    568
36061 08035    115
36061 08037     78
36061 08041    201
36061 08045     21
36061 08059     60
36061 08067     42
36061 08069     72
36061 08097     73
36061 08101     30
36061 08107     12
36061 08113     18
36061 08117     58
36061 08119      9
36061 09001   4795
36061 09003   1082
36061 09005    218
36061 09007    362
36061 09009   2570
36061 09011    232
36061 09013    122
36061 09015    157
36061 10001     40
36061 10003    456
36061 10005     39
36061 11001   5434
36061 12001    512
36061 12005     20
36061 12009     98
36061 12011    781
36061 12019    110
36061 12021     43
36061 12031    189
36061 12033      8
36061 12035      6
36061 12057    696
36061 12061     21
36061 12071     74
36061 12073    150
36061 12081      6
36061 12083     15
36061 12085     70
36061 12086   3036
36061 12087     65
36061 12091     22
36061 12095    406
36061 12097      7
36061 12099    724
36061 12103    228
36061 12105     89
36061 12109    153
36061 12111     22
36061 12113      7
36061 12115     70
36061 12117     60
36061 12127     99
36061 13009      7
36061 13021     11
36061 13031     42
36061 13051    382
36061 13053      7
36061 13057      7
36061 13059    169
36061 13063     18
36061 13067    268
36061 13089    828
36061 13095     40
36061 13115      8
36061 13117      8
36061 13121   1771
36061 13135    110
36061 13179     24
36061 13199      7
36061 13211      8
36061 13215     42
36061 13245     37
36061 13247      8
36061 13271     20
36061 13275      3
36061 13313     16
36061 15001     33
36061 15003    302
36061 15007     90
36061 15009     33
36061 16001     20
36061 16005      8
36061 16013     19
36061 16019     13
36061 16057      9
36061 17001      8
36061 17019    252
36061 17029      7
36061 17031   4830
36061 17037     30
36061 17043    176
36061 17057      7
36061 17077     21
36061 17089     18
36061 17097    196
36061 17103      8
36061 17111     20
36061 17113     10
36061 17143     13
36061 17161     19
36061 17163      5
36061 17167     34
36061 17177     11
36061 17193     10
36061 17197     18
36061 17201     29
36061 18003     63
36061 18005     12
36061 18011     15
36061 18019      7
36061 18031      8
36061 18035     31
36061 18043      9
36061 18057     29
36061 18069     10
36061 18073     15
36061 18089     14
36061 18091     14
36061 18095     10
36061 18097    240
36061 18099      7
36061 18105    359
36061 18133     10
36061 18141    209
36061 18157     84
36061 18163     27
36061 18167     16
36061 18177      5
36061 19013     27
36061 19103    163
36061 19113     39
36061 19119      9
36061 19153     52
36061 19155     22
36061 19157     70
36061 19163     21
36061 19169     44
36061 19191     20
36061 20045    134
36061 20091    139
36061 20099     12
36061 20103     18
36061 20121      9
36061 20161     36
36061 20173    117
36061 20177      9
36061 20209     26
36061 21015      6
36061 21019      7
36061 21023      9
36061 21027      8
36061 21037      9
36061 21057      9
36061 21067    105
36061 21075      9
36061 21083      3
36061 21089      8
36061 21101     19
36061 21111    195
36061 21135      9
36061 21211      7
36061 21227     35
36061 21229      6
36061 22017     18
36061 22019      7
36061 22033    151
36061 22051     72
36061 22055     21
36061 22069      6
36061 22071    809
36061 22087     14
36061 22103     42
36061 22105     17
36061 23001    120
36061 23005    178
36061 23009     26
36061 23011    108
36061 23015     82
36061 23019     41
36061 23023     27
36061 23025     20
36061 23027     24
36061 23031     60
36061 24003    174
36061 24005    399
36061 24011      6
36061 24013     18
36061 24019      9
36061 24021     24
36061 24025     74
36061 24027    358
36061 24029      3
36061 24031   2041
36061 24033    554
36061 24035     69
36061 24037     23
36061 24039     13
36061 24043     26
36061 24045     21
36061 24510   1514
36061 25001    227
36061 25003    379
36061 25005    306
36061 25007      8
36061 25009    453
36061 25011     59
36061 25013    225
36061 25015    734
36061 25017   4759
36061 25019     39
36061 25021   1247
36061 25023    154
36061 25025   5260
36061 25027    357
36061 26017     16
36061 26021     10
36061 26025     10
36061 26037     11
36061 26045     17
36061 26049     48
36061 26055     46
36061 26059     10
36061 26065    229
36061 26073      6
36061 26077     32
36061 26081     66
36061 26099     70
36061 26111     15
36061 26123      5
36061 26125    575
36061 26139     16
36061 26161   1496
36061 26163    250
36061 27003     13
36061 27007      4
36061 27019     23
36061 27037     70
36061 27043     12
36061 27053    794
36061 27085      6
36061 27109     29
36061 27123    245
36061 27131     37
36061 27137     48
36061 27139     17
36061 27145     43
36061 27169      7
36061 27171      8
36061 28033      7
36061 28047     20
36061 28049     53
36061 28051     16
36061 28071     35
36061 28075     10
36061 28087      6
36061 28089     10
36061 28105      9
36061 28113     11
36061 29001      5
36061 29007      6
36061 29019    110
36061 29021     10
36061 29031     29
36061 29047     63
36061 29053     10
36061 29071     23
36061 29077     14
36061 29093      7
36061 29095    302
36061 29107      9
36061 29135     10
36061 29161     53
36061 29183     18
36061 29189    263
36061 29213      4
36061 29225      8
36061 29510    607
36061 30013     47
36061 30017      9
36061 30031     12
36061 30043     10
36061 30049     36
36061 30063     20
36061 30111     20
36061 31055     71
36061 31099      8
36061 31109    114
36061 31153     10
36061 31177      7
36061 31185     24
36061 32003    197
36061 32005      8
36061 32009      9
36061 32031     39
36061 33003      7
36061 33005     43
36061 33007      7
36061 33009    527
36061 33011    109
36061 33013     44
36061 33015    115
36061 33017    126
36061 34001    112
36061 34003   6237
36061 34005    133
36061 34007    768
36061 34009    366
36061 34011     81
36061 34013   2481
36061 34015    140
36061 34017   4072
36061 34019    135
36061 34021   1541
36061 34023   2252
36061 34025   1685
36061 34027   1763
36061 34029    494
36061 34031    811
36061 34033     35
36061 34035   1236
36061 34037    164
36061 34039   1249
36061 34041     79
36061 35001    401
36061 35013     22
36061 35028     18
36061 35029     14
36061 35043      8
36061 35045     38
36061 35049    137
36061 35055     17
36061 36001   1054
36061 36003    170
36061 36005  26755
36061 36007    963
36061 36009    121
36061 36011     36
36061 36013    132
36061 36015     74
36061 36017     44
36061 36019     74
36061 36021    110
36061 36023      7
36061 36025    104
36061 36027   1134
36061 36029   1451
36061 36031     64
36061 36033     24
36061 36035     13
36061 36037     34
36061 36039    119
36061 36041      9
36061 36043    188
36061 36045    342
36061 36047  25072
36061 36049    116
36061 36051    122
36061 36053    322
36061 36055   1210
36061 36057    185
36061 36059  15668
36061 36063    345
36061 36065    468
36061 36067   1364
36061 36069     77
36061 36071    900
36061 36073     32
36061 36075    349
36061 36077    159
36061 36079    432
36061 36081  20219
36061 36083    188
36061 36085   2565
36061 36087   2062
36061 36089    149
36061 36091    403
36061 36093    191
36061 36095     19
36061 36099    127
36061 36101     37
36061 36103   5902
36061 36105    191
36061 36107     19
36061 36109   1673
36061 36111    398
36061 36113     14
36061 36115     56
36061 36117     68
36061 36119   8497
36061 36121     32
36061 36123     33
36061 37001     67
36061 37015     49
36061 37021     27
36061 37023     26
36061 37035     10
36061 37037     16
36061 37047      8
36061 37049     76
36061 37051     52
36061 37055     12
36061 37063    647
36061 37067    194
36061 37077      9
36061 37081    122
36061 37097     11
36061 37099     10
36061 37101     23
36061 37113     13
36061 37119    268
36061 37125     10
36061 37129    148
36061 37133     23
36061 37135    394
36061 37139     15
36061 37147     28
36061 37153      5
36061 37157     25
36061 37167     11
36061 37171     37
36061 37181     13
36061 37183    334
36061 37187     18
36061 37189     20
36061 37191      5
36061 37195     12
36061 37197     27
36061 38015      8
36061 38017     19
36061 38019     11
36061 38035     36
36061 38089      7
36061 39003      7
36061 39009     56
36061 39013      7
36061 39017    163
36061 39021     16
36061 39023     34
36061 39025     10
36061 39029      6
36061 39035    840
36061 39041     19
36061 39043      8
36061 39045     10
36061 39049    714
36061 39055      9
36061 39057     73
36061 39059      7
36061 39061    476
36061 39063     29
36061 39065      5
36061 39081      8
36061 39083     91
36061 39085     18
36061 39089     33
36061 39093    162
36061 39095     16
36061 39099     91
36061 39113     34
36061 39117     25
36061 39133     29
36061 39151     73
36061 39153    161
36061 39155     21
36061 39167      8
36061 39169     18
36061 39173     20
36061 40027     60
36061 40031     46
36061 40109    202
36061 40119     11
36061 40125     17
36061 40143     81
36061 40145     10
36061 41005     80
36061 41029      9
36061 41039    189
36061 41041      5
36061 41047     65
36061 41051    508
36061 41059     89
36061 41067     97
36061 41071      9
36061 42001     40
36061 42003    980
36061 42007     20
36061 42011    159
36061 42013     14
36061 42015     16
36061 42017    451
36061 42025     15
36061 42027    367
36061 42029    484
36061 42031     15
36061 42033     17
36061 42037      7
36061 42041    134
36061 42043     96
36061 42045    646
36061 42049     26
36061 42051     18
36061 42055     12
36061 42059      9
36061 42063     20
36061 42069    210
36061 42071    195
36061 42073     19
36061 42075      8
36061 42077    335
36061 42079    116
36061 42085     19
36061 42089    200
36061 42091   1339
36061 42095    330
36061 42097     21
36061 42101   3998
36061 42103     23
36061 42107     30
36061 42109     16
36061 42115     51
36061 42119    116
36061 42125      7
36061 42127     30
36061 42129    184
36061 42133     76
36061 44001     28
36061 44003    112
36061 44005     51
36061 44007   1533
36061 44009    168
36061 45009     26
36061 45011     16
36061 45013     53
36061 45015     24
36061 45017     12
36061 45019    216
36061 45029     28
36061 45033     15
36061 45039      8
36061 45045    106
36061 45047     10
36061 45051     34
36061 45055     26
36061 45059     16
36061 45073     14
36061 45075     96
36061 45077     51
36061 45079     81
36061 45083     12
36061 45085      8
36061 45089     21
36061 45091     29
36061 46029     11
36061 46113     14
36061 46135      7
36061 47001     30
36061 47007      8
36061 47011      5
36061 47037    423
36061 47043     10
36061 47051     12
36061 47065     56
36061 47093    182
36061 47119     11
36061 47125     34
36061 47149     46
36061 47157    264
36061 47163     23
36061 47165     19
36061 47167      7
36061 47187      8
36061 48001      8
36061 48027     12
36061 48029    273
36061 48041    176
36061 48061     29
36061 48085    115
36061 48091      9
36061 48113   1213
36061 48121     71
36061 48135      6
36061 48141     60
36061 48155      9
36061 48157    112
36061 48179     31
36061 48181     26
36061 48201   1632
36061 48209      7
36061 48215     22
36061 48257      9
36061 48303     40
36061 48309     39
36061 48329     49
36061 48339      8
36061 48355     39
36061 48375      9
36061 48381     15
36061 48415      8
36061 48423     22
36061 48439    210
36061 48451     43
36061 48453   1301
36061 48459     52
36061 48465      5
36061 48471     28
36061 48479      7
36061 48491     28
36061 48495     10
36061 49005      9
36061 49011     32
36061 49035    251
36061 49039     14
36061 49043     26
36061 49049    137
36061 49057      6
36061 50001    117
36061 50003     43
36061 50005     39
36061 50007    381
36061 50011     27
36061 50015     10
36061 50017     10
36061 50021     29
36061 50023     64
36061 50025     44
36061 50027     50
36061 51003   1116
36061 51009     10
36061 51013    967
36061 51031     45
36061 51041     66
36061 51053      8
36061 51059   1341
36061 51061     37
36061 51063      5
36061 51069     98
36061 51077     39
36061 51085     16
36061 51087    610
36061 51089      9
36061 51095    238
36061 51103     11
36061 51107     62
36061 51119      8
36061 51121    170
36061 51131     15
36061 51143     25
36061 51153     72
36061 51161     76
36061 51163    183
36061 51165     93
36061 51175     11
36061 51177     18
36061 51179     16
36061 51199     24
36061 51550    207
36061 51650     50
36061 51700     38
36061 51800      9
36061 51810    210
36061 53007     28
36061 53011     28
36061 53033   1766
36061 53035     46
36061 53047     28
36061 53053     94
36061 53057     14
36061 53061     48
36061 53063     16
36061 53067     27
36061 53073     24
36061 53075     22
36061 54009     11
36061 54011     16
36061 54017     26
36061 54039     44
36061 54061     65
36061 54083     60
36061 54107     12
36061 55009     29
36061 55025    654
36061 55035     45
36061 55047      9
36061 55049      9
36061 55051      8
36061 55063     41
36061 55073      8
36061 55079    392
36061 55085      9
36061 55087     45
36061 55089     19
36061 55093      8
36061 55097      9
36061 55101     17
36061 55109     11
36061 55129      8
36061 55131      9
36061 55133     18
36061 55139     26
36061 55141     11
36061 56001     10
36061 56021     16
36061 56025     15
36061 56039    115
36063 36005     80
36063 36047     84
36063 36061    260
36063 36081    153
36065 36005    282
36065 36047    668
36065 36061    245
36065 36081    461
36067 36005    443
36067 36047    784
36067 36061    616
36067 36081    665
36067 36085    142
36069 36005     67
36069 36047     25
36069 36061    116
36069 36081     62
36069 36085     11
36071 36005   4631
36071 36047   3586
36071 36061   1605
36071 36081   2692
36071 36085   1028
36073 36005     12
36073 36047     25
36073 36061     48
36073 36081    335
36075 36005     91
36075 36047    126
36075 36061     71
36075 36081    112
36075 36085     45
36077 36005    161
36077 36047    240
36077 36061    123
36077 36081    225
36077 36085    103
36079 36005   2433
36079 36047    445
36079 36061    754
36079 36081   1003
36079 36085     74
36081 01003      9
36081 01009     13
36081 01045     14
36081 01047     12
36081 01051      8
36081 01053     24
36081 01055      9
36081 01069      8
36081 01073      8
36081 01081     28
36081 01097     18
36081 01101     18
36081 01117     22
36081 01121     19
36081 01125     16
36081 02020     79
36081 02110      6
36081 04003     28
36081 04005     63
36081 04009      8
36081 04013    265
36081 04017     25
36081 04019     96
36081 04027      4
36081 05031     21
36081 05059      6
36081 05093      5
36081 05097     17
36081 05119     16
36081 06001    272
36081 06007     35
36081 06009     13
36081 06011     18
36081 06013    126
36081 06019     99
36081 06025     33
36081 06029    144
36081 06037   2587
36081 06041     10
36081 06047     33
36081 06053     21
36081 06059    275
36081 06065     62
36081 06067     99
36081 06071     36
36081 06073    687
36081 06075    539
36081 06079     18
36081 06081     76
36081 06083     34
36081 06085    238
36081 06087     69
36081 06095     14
36081 06097     22
36081 06099      7
36081 06101      8
36081 06107     24
36081 06109     76
36081 06111     54
36081 06113      6
36081 08005     34
36081 08013    116
36081 08031     94
36081 08041     13
36081 08059     31
36081 08069     43
36081 08101     14
36081 08113      9
36081 09001    804
36081 09003    452
36081 09005     50
36081 09007     67
36081 09009    752
36081 09011    136
36081 09013     65
36081 09015     27
36081 10001      9
36081 10003    189
36081 10005     29
36081 11001    475
36081 12001     45
36081 12005      5
36081 12009     99
36081 12011    904
36081 12015     74
36081 12019     31
36081 12023     16
36081 12031     20
36081 12033      8
36081 12035     26
36081 12051      8
36081 12053     12
36081 12055      9
36081 12057    256
36081 12069     27
36081 12071     49
36081 12073     90
36081 12075      9
36081 12081      8
36081 12083     55
36081 12085     25
36081 12086   2478
36081 12087     19
36081 12091      4
36081 12095    382
36081 12097     31
36081 12099    421
36081 12101     52
36081 12103    145
36081 12105     18
36081 12109     56
36081 12111     88
36081 12115     69
36081 12117    100
36081 12121     12
36081 12127     83
36081 13009      6
36081 13015     19
36081 13021     22
36081 13031     11
36081 13051     53
36081 13053     11
36081 13059     17
36081 13067    169
36081 13087      9
36081 13089    246
36081 13097      8
36081 13121    259
36081 13135     80
36081 13139      9
36081 13185      5
36081 13187      7
36081 13199      5
36081 13245    111
36081 13247      7
36081 13261      7
36081 13299     14
36081 15001     11
36081 15003    298
36081 15007     16
36081 15009     40
36081 16001     44
36081 16019      8
36081 16025     12
36081 16045     10
36081 17019     74
36081 17031   1144
36081 17041      6
36081 17043     89
36081 17089     17
36081 17097     69
36081 17109     10
36081 17115      6
36081 17151      7
36081 17161      7
36081 17179      9
36081 17199     11
36081 17201     20
36081 18019      4
36081 18037      9
36081 18043     11
36081 18057     32
36081 18059      7
36081 18061      8
36081 18083     10
36081 18089     34
36081 18097     88
36081 18103     11
36081 18105    122
36081 18127      7
36081 18141     13
36081 18157     52
36081 18163     11
36081 18167      6
36081 18173     12
36081 19053      8
36081 19067      7
36081 19103     50
36081 19113      7
36081 19125     18
36081 19151     18
36081 19153     60
36081 19157     21
36081 19169     10
36081 19191     16
36081 19193     10
36081 20037     12
36081 20045     93
36081 20079      2
36081 20091     35
36081 20129      3
36081 20161     28
36081 20173     15
36081 20177     24
36081 20209      6
36081 21015     16
36081 21035     10
36081 21067     62
36081 21111    101
36081 21117     33
36081 22017     71
36081 22019     10
36081 22033     65
36081 22051     24
36081 22061     20
36081 22071    120
36081 22103      5
36081 22105     34
36081 23003      3
36081 23005    121
36081 23009     27
36081 23025      7
36081 24003     61
36081 24005    119
36081 24009     24
36081 24013     23
36081 24017     30
36081 24021     41
36081 24027    194
36081 24031    264
36081 24033    189
36081 24039     10
36081 24041     11
36081 24045     13
36081 24047      5
36081 24510    397
36081 25001     18
36081 25003     92
36081 25005    163
36081 25007     19
36081 25009    163
36081 25011      9
36081 25013    165
36081 25015     54
36081 25017    528
36081 25019      8
36081 25021    171
36081 25023     70
36081 25025    702
36081 25027    155
36081 26021     48
36081 26025     10
36081 26049     24
36081 26055     14
36081 26065     85
36081 26067     10
36081 26075      4
36081 26077     22
36081 26081     56
36081 26099     23
36081 26107      9
36081 26121     17
36081 26125     84
36081 26129      6
36081 26147     10
36081 26161    193
36081 26163    225
36081 27003      8
36081 27037     16
36081 27053    125
36081 27061     16
36081 27123     94
36081 27169     11
36081 28011     24
36081 28035     28
36081 28049     23
36081 29019     43
36081 29047      6
36081 29077     73
36081 29095     31
36081 29123      8
36081 29161     11
36081 29189     54
36081 29510    213
36081 30081      7
36081 31055     10
36081 31089     11
36081 31109     49
36081 31145     29
36081 32003    278
36081 33001     43
36081 33003      6
36081 33009     55
36081 33011     47
36081 33013     14
36081 33015     30
36081 34001     46
36081 34003   1214
36081 34005    175
36081 34007    186
36081 34009     23
36081 34011     10
36081 34013    808
36081 34015     71
36081 34017   1689
36081 34019     91
36081 34021    109
36081 34023   1037
36081 34025    419
36081 34027    342
36081 34029    228
36081 34031    371
36081 34035    257
36081 34037    146
36081 34039    471
36081 34041      4
36081 35001    150
36081 35005     28
36081 35013     45
36081 35049     63
36081 36001    839
36081 36003     67
36081 36005  15887
36081 36007    872
36081 36009     17
36081 36011     78
36081 36013    174
36081 36015     81
36081 36017     49
36081 36019    168
36081 36021     58
36081 36023     31
36081 36025     62
36081 36027    814
36081 36029    800
36081 36031     16
36081 36033     30
36081 36035     67
36081 36037     60
36081 36039    127
36081 36043    455
36081 36045    103
36081 36047  63603
36081 36049     11
36081 36051     74
36081 36053    113
36081 36055    471
36081 36057    162
36081 36059  19729
36081 36061  26258
36081 36063     49
36081 36065    131
36081 36067    369
36081 36069    143
36081 36071    715
36081 36073     46
36081 36075    579
36081 36077    400
36081 36079    704
36081 36083    369
36081 36085   1592
36081 36087   1039
36081 36089    158
36081 36091    234
36081 36093    182
36081 36095     26
36081 36097     18
36081 36101    116
36081 36103   7284
36081 36105    305
36081 36107     46
36081 36109    197
36081 36111    414
36081 36113     40
36081 36115    225
36081 36117     30
36081 36119   3166
36081 36121     41
36081 36123     72
36081 37001     19
36081 37021     14
36081 37035      6
36081 37039     21
36081 37045      6
36081 37049     19
36081 37051     83
36081 37063     58
36081 37067     57
36081 37071      9
36081 37081     62
36081 37085      4
36081 37095      9
36081 37105     16
36081 37109     30
36081 37119     83
36081 37125     13
36081 37127     13
36081 37129     20
36081 37131     21
36081 37133     87
36081 37135     62
36081 37139     41
36081 37145      9
36081 37147     11
36081 37151      5
36081 37155      5
36081 37159     26
36081 37165     10
36081 37183    187
36081 38101     18
36081 39009     24
36081 39017     18
36081 39025     22
36081 39035    247
36081 39041     18
36081 39049    176
36081 39061    181
36081 39063     21
36081 39065     10
36081 39083     13
36081 39085     13
36081 39089     10
36081 39093     37
36081 39095     26
36081 39099      6
36081 39109      8
36081 39113    100
36081 39123     16
36081 39133      6
36081 39139     18
36081 39141      5
36081 39151     12
36081 39153     18
36081 39165     10
36081 39173     28
36081 40027      8
36081 40029      7
36081 40031     17
36081 40109     58
36081 40131     36
36081 40143     34
36081 41005     33
36081 41009      6
36081 41017      5
36081 41039     46
36081 41047      6
36081 41051    116
36081 41067      4
36081 42001     10
36081 42003    435
36081 42011     64
36081 42017    196
36081 42019     17
36081 42025      5
36081 42027    156
36081 42029     29
36081 42039      6
36081 42041    103
36081 42043     35
36081 42045    110
36081 42047      6
36081 42049     51
36081 42055     24
36081 42059      9
36081 42063     17
36081 42069     62
36081 42071     80
36081 42075      9
36081 42077    119
36081 42079     71
36081 42081     19
36081 42089    139
36081 42091    132
36081 42093     16
36081 42095    113
36081 42101    612
36081 42103     30
36081 42107      7
36081 42111     12
36081 42115      7
36081 42119     34
36081 42125     29
36081 42127     94
36081 42129     35
36081 42133     30
36081 44003     29
36081 44005     32
36081 44007    282
36081 44009     42
36081 45005      9
36081 45013     17
36081 45019     26
36081 45027     14
36081 45031     11
36081 45035     51
36081 45041     30
36081 45043     25
36081 45045     43
36081 45049     22
36081 45051      5
36081 45055      4
36081 45059     30
36081 45063     11
36081 45075     40
36081 45079     32
36081 45083     35
36081 45091     63
36081 46065      4
36081 46099     31
36081 46127     10
36081 47037     76
36081 47065     50
36081 47073     14
36081 47141     16
36081 47149     15
36081 47157     38
36081 47179     15
36081 47187     12
36081 48027     27
36081 48029    197
36081 48039      6
36081 48055     16
36081 48081      5
36081 48085      7
36081 48113    340
36081 48121      8
36081 48123     10
36081 48135      9
36081 48141     76
36081 48157     31
36081 48167     13
36081 48183     10
36081 48201    521
36081 48209      4
36081 48215     10
36081 48231     25
36081 48237      9
36081 48245     19
36081 48257     12
36081 48263     20
36081 48273      8
36081 48303     33
36081 48367     13
36081 48375     24
36081 48439     60
36081 48453    258
36081 48469      8
36081 48471      8
36081 48491     13
36081 49005     12
36081 49011      8
36081 49027      9
36081 49035    110
36081 49043     13
36081 49049     37
36081 49053      4
36081 49057     45
36081 50003     29
36081 50007     46
36081 50021     28
36081 50023     21
36081 51003     39
36081 51009     39
36081 51013    172
36081 51015     18
36081 51025      5
36081 51041    104
36081 51053     24
36081 51059    371
36081 51073     21
36081 51079      5
36081 51085      6
36081 51087    266
36081 51095     20
36081 51107     33
36081 51117     40
36081 51121      7
36081 51143     19
36081 51147     33
36081 51149     14
36081 51153     91
36081 51161     10
36081 51165      6
36081 51177     54
36081 51195      9
36081 51199     12
36081 51550    190
36081 51570     14
36081 51650     36
36081 51700     94
36081 51810    126
36081 53005     10
36081 53011     12
36081 53027      6
36081 53033    414
36081 53035     17
36081 53045      3
36081 53049      4
36081 53053     44
36081 53061     11
36081 53067      8
36081 53073     21
36081 53077     28
36081 54021     12
36081 54041     10
36081 54045     38
36081 54055      6
36081 54061     39
36081 54081      7
36081 54083     17
36081 54089      9
36081 54099     13
36081 54103     22
36081 55009     11
36081 55025    166
36081 55045      5
36081 55055      6
36081 55079     95
36081 55089      8
36081 55095      5
36081 55105     19
36081 55133     41
36081 55141     13
36081 56001     13
36083 36005    282
36083 36047    441
36083 36061    196
36083 36081    462
36083 36085     45
36085 01073     14
36085 01089      9
36085 01097     11
36085 01125     15
36085 02020      4
36085 02130     11
36085 04003     15
36085 04005      6
36085 04013     97
36085 04019     50
36085 06001     23
36085 06013      5
36085 06019      6
36085 06029     36
36085 06031     10
36085 06037    239
36085 06041     17
36085 06059    148
36085 06067     13
36085 06071     27
36085 06073     97
36085 06075     14
36085 06081     15
36085 06085      6
36085 06087     15
36085 08013     16
36085 08031     23
36085 08041     10
36085 08059     13
36085 08081      7
36085 09001     55
36085 09007     17
36085 09009     47
36085 09011     48
36085 09015     24
36085 10003     12
36085 11001     26
36085 12001     11
36085 12009      4
36085 12011    366
36085 12017     12
36085 12031     29
36085 12057     66
36085 12061      8
36085 12069     13
36085 12081     23
36085 12085      6
36085 12086    198
36085 12087      9
36085 12091      4
36085 12095    158
36085 12097      6
36085 12099    132
36085 12101     20
36085 12103     99
36085 12105     13
36085 12111      9
36085 12115      6
36085 12117     26
36085 12127     40
36085 13031     12
36085 13051      5
36085 13067     27
36085 13089     31
36085 13097     28
36085 13121     32
36085 13135      3
36085 13153     15
36085 13247      6
36085 15003     22
36085 16017     12
36085 17009     26
36085 17031    125
36085 17043     86
36085 17161     15
36085 17197      7
36085 18157     16
36085 18179     24
36085 19033      5
36085 19111      5
36085 20091     92
36085 20161     14
36085 20173      6
36085 21021     15
36085 21031      7
36085 21111     11
36085 22055     46
36085 22071     37
36085 22103     14
36085 23005     73
36085 23023     12
36085 23031     21
36085 24003     34
36085 24013      5
36085 24021     10
36085 24031     10
36085 24033     22
36085 24047      8
36085 24510    321
36085 25001     15
36085 25005     25
36085 25009     23
36085 25013     39
36085 25017     49
36085 25021     23
36085 25023      5
36085 25025     71
36085 25027     14
36085 26003      7
36085 26011      7
36085 26021      6
36085 26033      7
36085 26099     31
36085 26121     18
36085 26125     21
36085 26145     10
36085 26163    133
36085 27053     36
36085 28085     13
36085 29077      7
36085 29510     12
36085 30027      5
36085 31055      3
36085 32003    164
36085 33001      8
36085 33011     35
36085 33015      8
36085 33017      5
36085 34001     20
36085 34003    232
36085 34005     35
36085 34007     27
36085 34009     33
36085 34013    196
36085 34015      6
36085 34017    618
36085 34021     46
36085 34023    552
36085 34025    426
36085 34027     70
36085 34029    413
36085 34031    126
36085 34035     80
36085 34037     12
36085 34039    321
36085 34041     15
36085 35001     35
36085 35013     50
36085 36001     95
36085 36005   2243
36085 36007     91
36085 36009     19
36085 36011      8
36085 36017      7
36085 36019     12
36085 36021     34
36085 36025      8
36085 36027    313
36085 36029     71
36085 36031     11
36085 36033     38
36085 36035      6
36085 36039      8
36085 36041      4
36085 36043      6
36085 36045     28
36085 36047  34212
36085 36051     41
36085 36053      9
36085 36055    180
36085 36057     16
36085 36059    890
36085 36061   2834
36085 36063     14
36085 36065     54
36085 36067    198
36085 36069     42
36085 36071    357
36085 36075     97
36085 36077      7
36085 36079      6
36085 36081   4592
36085 36083    469
36085 36087     49
36085 36089     28
36085 36091     35
36085 36093     57
36085 36099      8
36085 36101     24
36085 36103    426
36085 36105     79
36085 36109     58
36085 36111    118
36085 36113     18
36085 36117      8
36085 36119    328
36085 36123      9
36085 37001     12
36085 37047     10
36085 37133      9
36085 37135     28
36085 37155     13
36085 37167      9
36085 37183     15
36085 37193      4
36085 39029      9
36085 39035      7
36085 39049     14
36085 39061     18
36085 39151     28
36085 40027     36
36085 40109      9
36085 41003      5
36085 41041      9
36085 41047      8
36085 41051     11
36085 42001     11
36085 42003     76
36085 42009      8
36085 42011     14
36085 42017     44
36085 42021      6
36085 42027      6
36085 42029     16
36085 42043     38
36085 42045     49
36085 42051      8
36085 42069     12
36085 42071     54
36085 42077     27
36085 42079     22
36085 42089    110
36085 42091     30
36085 42101    141
36085 42103     36
36085 42119      9
36085 42129     14
36085 42133     18
36085 44005     21
36085 44007     56
36085 45003      2
36085 45013     19
36085 45015     20
36085 45019     11
36085 45029     14
36085 45051     18
36085 45055     20
36085 45079      9
36085 47107      6
36085 47125      9
36085 47141     20
36085 47157     16
36085 48027     15
36085 48061     17
36085 48113     24
36085 48139      5
36085 48201     48
36085 48215     17
36085 48245     12
36085 48355     33
36085 48367     15
36085 48469     14
36085 50003    183
36085 50007     13
36085 50021     14
36085 50025      6
36085 50027     20
36085 51013     26
36085 51015     18
36085 51041     17
36085 51059     84
36085 51065     25
36085 51071      5
36085 51087     14
36085 51121     10
36085 51153     30
36085 51163      7
36085 51550     20
36085 51650     58
36085 51810     46
36085 53009     13
36085 53033     26
36085 53053     14
36085 53061     11
36085 54003     13
36085 54039     22
36085 54061     23
36085 55025     25
36085 55133     20
36087 36005   4121
36087 36047   3195
36087 36061   3005
36087 36081   3354
36087 36085    397
36089 36005     84
36089 36047     98
36089 36061     62
36089 36081     97
36089 36085      5
36091 36005     69
36091 36047    286
36091 36061    286
36091 36081    329
36091 36085     90
36093 36005    583
36093 36047    619
36093 36061    219
36093 36081    437
36093 36085     97
36095 36005     39
36095 36047     94
36095 36061     49
36095 36081    166
36095 36085     45
36097 36005     47
36097 36047     37
36097 36061      6
36097 36081      5
36097 36085      6
36099 36005      7
36099 36047      1
36099 36061     11
36099 36081     19
36101 36005     14
36101 36047     45
36101 36061     32
36101 36081     76
36103 36005   3928
36103 36047  12643
36103 36061   5057
36103 36081  27988
36103 36085    924
36105 36005    741
36105 36047   1181
36105 36061    463
36105 36081    909
36105 36085    154
36107 36005      9
36107 36047     33
36107 36061     37
36107 36081     56
36109 36005    284
36109 36047    526
36109 36061    572
36109 36081    526
36109 36085    127
36111 36005    786
36111 36047   1384
36111 36061   1205
36111 36081    975
36111 36085    182
36113 36005     20
36113 36047     54
36113 36061     38
36113 36081    149
36113 36085      7
36115 36005     12
36115 36047     27
36115 36061     16
36115 36081     51
36115 36085     10
36117 36047     16
36117 36061     73
36117 36081      1
36119 36005  25065
36119 36047   6113
36119 36061  18393
36119 36081   7412
36119 36085    631
36121 36047      2
36121 36061    119
36123 36005     11
36123 36047     21
36123 36061     10
36123 36081     24
36123 36085      9
37001 36005      9
37001 36047    209
37001 36061      7
37001 36081    164
37001 36085     17
37003 36081      4
37007 36005      4
37007 36047     32
37007 36081      9
37009 36061      3
37009 36085      8
37011 36061      8
37011 36081     14
37011 36085      7
37013 36047    111
37013 36061     27
37013 36081     34
37013 36085      1
37015 36005     71
37015 36047     23
37015 36061     47
37015 36081     48
37015 36085      1
37017 36005      7
37017 36047     38
37017 36061     35
37017 36081     93
37019 36005     37
37019 36047     17
37019 36061     64
37019 36081     52
37019 36085      2
37021 36005     44
37021 36047     90
37021 36061    133
37021 36081     50
37021 36085     64
37023 36047     21
37023 36085     15
37025 36047    104
37025 36061     22
37025 36081     20
37027 36005     33
37027 36047     30
37027 36061     10
37027 36081     30
37031 36005      9
37031 36047      6
37031 36061      2
37031 36081     12
37033 36005     14
37033 36061     11
37035 36005     88
37035 36047     59
37035 36061      5
37035 36081     94
37037 36005      8
37037 36047      6
37037 36061     71
37037 36081      9
37041 36047     35
37045 36047     10
37045 36061     16
37045 36085     24
37047 36005     33
37047 36047    101
37047 36061     27
37047 36081     13
37047 36085     10
37049 36005     92
37049 36047    207
37049 36061     65
37049 36081     48
37049 36085     20
37051 36005    336
37051 36047    777
37051 36061    261
37051 36081    479
37051 36085     58
37053 36047      2
37055 36047      9
37055 36061      2
37055 36085     11
37057 36005     76
37057 36047     61
37057 36061      5
37057 36081     98
37059 36005      4
37059 36081      5
37061 36005     45
37061 36047    104
37061 36061      5
37061 36081    176
37061 36085     12
37063 36005    365
37063 36047    412
37063 36061    443
37063 36081    592
37063 36085     60
37065 36005     55
37065 36047    109
37065 36061     22
37065 36081     25
37067 36005     84
37067 36047    373
37067 36061    156
37067 36081    238
37067 36085    129
37069 36005     11
37069 36047     48
37069 36061      7
37069 36081     17
37071 36005    101
37071 36047     56
37071 36061     18
37071 36081     72
37071 36085     33
37073 36047     24
37073 36061      2
37073 36081      7
37077 36005     49
37077 36047     20
37077 36061     18
37077 36081     90
37077 36085     17
37079 36005     22
37079 36047     16
37079 36061     10
37079 36081      3
37081 36005    413
37081 36047    728
37081 36061    293
37081 36081    418
37081 36085     81
37083 36005    122
37083 36047     95
37083 36061     22
37083 36081     35
37083 36085     11
37085 36005     39
37085 36047    106
37085 36061    103
37085 36081     82
37085 36085     10
37087 36081     19
37089 36005     75
37089 36047     13
37089 36061     60
37089 36081    104
37091 36005      3
37091 36047     76
37091 36061     31
37091 36081     24
37093 36005     39
37093 36047    100
37093 36081     43
37095 36061     17
37097 36005     17
37097 36047     45
37097 36061     33
37097 36081     27
37099 36085      3
37101 36005    110
37101 36047     42
37101 36061     72
37101 36081     98
37101 36085      7
37103 36047      6
37103 36081      7
37105 36005     30
37105 36047     11
37105 36061      7
37105 36081     32
37107 36005     37
37107 36047     49
37107 36061     20
37107 36081     23
37107 36085     12
37109 36047      4
37109 36081      7
37111 36047      1
37111 36061     11
37113 36061      7
37115 36081     10
37117 36005     40
37117 36047     88
37117 36061      7
37117 36081     57
37119 36005    830
37119 36047   1322
37119 36061    769
37119 36081   1287
37119 36085    106
37123 36081     40
37125 36005     18
37125 36047     83
37125 36061    110
37125 36081    149
37125 36085     12
37127 36005     57
37127 36047     83
37127 36061     37
37127 36081     91
37129 36005    104
37129 36047    173
37129 36061    136
37129 36081    166
37129 36085     49
37131 36005     42
37131 36047     10
37131 36061     28
37131 36081      7
37131 36085      3
37133 36005    187
37133 36047    363
37133 36061    194
37133 36081    286
37133 36085      7
37135 36005      9
37135 36047    171
37135 36061    123
37135 36081     30
37135 36085     29
37137 36005      5
37137 36047     19
37137 36061     11
37137 36081      7
37139 36005      5
37139 36047     53
37139 36061     23
37139 36081     28
37139 36085     42
37141 36005     25
37141 36047    191
37141 36061     19
37141 36081     64
37141 36085      4
37143 36005     11
37143 36047     23
37143 36081     23
37145 36005     53
37145 36047     11
37145 36061     13
37145 36081     24
37147 36005     82
37147 36047    247
37147 36061    155
37147 36081    159
37149 36047     11
37149 36085     22
37151 36047     35
37151 36061     15
37151 36081      4
37153 36005     41
37153 36047     38
37153 36061     55
37153 36081     11
37153 36085     18
37155 36005     54
37155 36047    100
37155 36061     23
37155 36081    123
37157 36047     70
37157 36061     11
37157 36081     22
37159 36005     15
37159 36047     46
37159 36061     60
37159 36081     27
37161 36081      4
37163 36005     16
37163 36047    107
37163 36061      1
37163 36081     13
37165 36005     38
37165 36047    102
37165 36061     59
37165 36081     83
37165 36085     18
37167 36005     14
37167 36047     36
37167 36081     40
37169 36047     18
37169 36061     37
37171 36047     15
37171 36061     18
37171 36081     14
37175 36047      8
37175 36061     34
37175 36081      9
37177 36047     20
37177 36081      2
37179 36005     26
37179 36047    174
37179 36061     40
37179 36081     80
37179 36085     41
37181 36005    109
37181 36047     86
37181 36061     57
37181 36081     33
37183 36005    685
37183 36047   1219
37183 36061    542
37183 36081    986
37183 36085    190
37185 36005     15
37185 36047    111
37185 36061     33
37185 36081     25
37185 36085      6
37187 36005     12
37187 36047     29
37187 36081     53
37189 36047     30
37189 36061      6
37191 36005     22
37191 36047    242
37191 36061    122
37191 36081     43
37191 36085      5
37193 36061     40
37193 36081     58
37195 36005     66
37195 36047     72
37195 36061     22
37195 36081     53
37195 36085     11
37197 36047      4
37197 36081      6
37199 36047      4
37199 36061     12
38015 36047     30
38017 36047      6
38017 36081      6
38035 36005      7
38035 36047     13
38035 36081      4
38057 36047      7
38057 36081      4
38059 36047     11
38063 36061      5
38067 36081      4
38077 36085     13
38093 36061      3
38093 36081      6
38097 36061      1
38101 36005      8
38101 36085      5
39003 36005      9
39005 36061      5
39005 36081     11
39007 36005     15
39007 36061      6
39007 36081     41
39009 36005      8
39009 36061     12
39009 36081     21
39009 36085     10
39013 36061      9
39013 36081     13
39017 36005     17
39017 36047    111
39017 36061    110
39017 36081    184
39025 36047     28
39025 36061      7
39025 36081     12
39025 36085     14
39029 36005     28
39029 36047     19
39029 36061     38
39029 36081     12
39035 36005    312
39035 36047    867
39035 36061    872
39035 36081    494
39035 36085     46
39039 36081      4
39041 36005      7
39041 36047      7
39041 36061     63
39041 36081     23
39043 36047     13
39045 36005      7
39045 36047      7
39045 36061     14
39045 36081     14
39047 36005      6
39047 36061      6
39049 36005    355
39049 36047    605
39049 36061    525
39049 36081    549
39049 36085    102
39051 36005      9
39055 36081     20
39057 36047     61
39057 36061     40
39057 36081     14
39059 36005     13
39059 36061      9
39061 36005    105
39061 36047    325
39061 36061    482
39061 36081    173
39061 36085     46
39063 36081     24
39063 36085     10
39065 36047      5
39071 36081     25
39075 36047      5
39077 36005      5
39077 36047      6
39077 36081     16
39081 36047     22
39081 36081      9
39083 36047      3
39083 36061      4
39085 36047     49
39085 36061     95
39085 36081     20
39085 36085     12
39089 36005     12
39089 36047      5
39089 36061      3
39091 36047      3
39091 36081      6
39093 36005     67
39093 36047     20
39093 36061     88
39093 36081     61
39093 36085     30
39095 36005     16
39095 36047     17
39095 36061     55
39095 36081     15
39099 36005    115
39099 36047    166
39099 36061     15
39099 36081     34
39103 36061     15
39105 36081      5
39109 36005      9
39109 36061      7
39113 36005     71
39113 36047    151
39113 36061     65
39113 36081     56
39113 36085     63
39115 36081      2
39119 36005     26
39119 36047     45
39119 36061      6
39119 36081    156
39121 36047     28
39121 36081     65
39123 36081     24
39125 36081     11
39127 36047      2
39129 36005      8
39131 36081      7
39133 36005     18
39133 36047     56
39133 36061      2
39133 36081      8
39135 36081     12
39137 36005      6
39139 36081      5
39141 36047     31
39141 36061      7
39141 36081      6
39143 36081      6
39145 36081     11
39147 36047      4
39147 36061      6
39147 36081     12
39149 36061      6
39151 36005     33
39151 36047     16
39151 36061     23
39151 36081     70
39153 36005     28
39153 36047     58
39153 36061     64
39153 36081     82
39155 36005     28
39155 36047     27
39155 36061      7
39155 36081     76
39157 36047      3
39161 36061     19
39165 36047     25
39165 36061     15
39165 36081     16
39167 36047     12
39167 36061      7
39169 36005     18
39169 36047      4
39173 36047     33
39173 36061     31
39173 36081      8
40011 36061      5
40013 36047      8
40017 36005      3
40017 36081      7
40027 36047     80
40027 36061      7
40027 36081     13
40027 36085      5
40029 36081      2
40031 36005    161
40031 36047    144
40031 36061      6
40031 36081     84
40031 36085      8
40039 36061      7
40047 36005      7
40055 36047      9
40065 36047      6
40065 36061      7
40065 36081      8
40071 36047      6
40071 36061      8
40077 36047     13
40079 36047     15
40085 36061      2
40087 36047     17
40097 36061      2
40101 36047      9
40101 36061     17
40101 36081      6
40109 36005     80
40109 36047    112
40109 36061     98
40109 36081     82
40109 36085     23
40113 36005      6
40113 36081      4
40115 36061      2
40119 36061      7
40121 36061     16
40121 36081     10
40135 36047      3
40135 36081      3
40139 36047     20
40143 36005     60
40143 36047    156
40143 36061     78
40143 36081    111
40143 36085     42
40145 36061      5
40145 36081      5
40147 36005     16
40147 36047     14
41003 36047     19
41003 36061     18
41003 36081     33
41003 36085      5
41005 36047     34
41005 36061     50
41005 36081     90
41007 36005      3
41007 36047     17
41007 36061      9
41009 36047      2
41009 36061     16
41011 36085     18
41017 36081     11
41017 36085     27
41019 36085      7
41027 36061     12
41029 36061     33
41029 36081     16
41031 36047      3
41035 36005      7
41035 36061     12
41035 36081     16
41039 36047     97
41039 36061     32
41039 36081     33
41039 36085      6
41041 36047      6
41043 36047      3
41043 36081      8
41047 36005     14
41047 36047      8
41047 36061     36
41047 36081     16
41049 36047      1
41051 36005     35
41051 36047    259
41051 36061    539
41051 36081    141
41051 36085     28
41053 36081      8
41055 36047      2
41057 36081      3
41067 36005     17
41067 36047     26
41067 36061     65
41067 36081    106
41067 36085     20
41071 36047     19
41071 36081      4
42001 36005     32
42001 36047     42
42001 36081     33
42003 36005     83
42003 36047    355
42003 36061    649
42003 36081    719
42003 36085     43
42005 36081     12
42007 36061     53
42007 36081      4
42007 36085      2
42009 36047      3
42009 36061      2
42009 36081      5
42009 36085      5
42011 36005    493
42011 36047    576
42011 36061    738
42011 36081    380
42011 36085     63
42013 36005     12
42013 36047      7
42013 36061     17
42013 36081     38
42013 36085     14
42015 36047     13
42015 36061     12
42015 36081     36
42015 36085     15
42017 36005    101
42017 36047    599
42017 36061    554
42017 36081    474
42017 36085    146
42019 36005    139
42019 36047      2
42019 36061     41
42019 36081     55
42021 36005     26
42021 36047     10
42021 36081     58
42021 36085     23
42025 36005     96
42025 36047     40
42025 36081     50
42025 36085     53
42027 36005     26
42027 36047    117
42027 36061    120
42027 36081    139
42027 36085     32
42029 36005    244
42029 36047    270
42029 36061    216
42029 36081    178
42029 36085     92
42031 36047     36
42031 36061      6
42031 36081      5
42033 36047      3
42033 36081      2
42033 36085      6
42035 36047      2
42035 36081     13
42037 36005      7
42037 36047     71
42037 36061      5
42037 36081     10
42039 36005     93
42039 36047     20
42039 36061      6
42039 36081      3
42041 36005     42
42041 36047     62
42041 36061     69
42041 36081     19
42041 36085     15
42043 36005    203
42043 36047    318
42043 36061    148
42043 36081    209
42043 36085     12
42045 36005    182
42045 36047    391
42045 36061    404
42045 36081    432
42045 36085    193
42047 36061     19
42049 36005     35
42049 36047     47
42049 36061     41
42049 36081     74
42049 36085     12
42051 36047     43
42051 36061     13
42051 36085     61
42055 36005     59
42055 36061     15
42055 36081     30
42059 36061      2
42061 36061      5
42061 36081      7
42063 36005      2
42063 36047     12
42063 36061      5
42063 36081     18
42065 36047      7
42067 36047      9
42069 36005    287
42069 36047    367
42069 36061    156
42069 36081    346
42069 36085     53
42071 36005    466
42071 36047    504
42071 36061    325
42071 36081    433
42071 36085     85
42073 36047     35
42073 36061      7
42073 36081     12
42075 36005     26
42075 36047    272
42075 36061     50
42075 36081     95
42077 36005   1255
42077 36047    882
42077 36061    561
42077 36081    486
42077 36085     61
42079 36005     45
42079 36047    352
42079 36061    182
42079 36081    262
42079 36085     24
42081 36005     29
42081 36047     54
42081 36061      2
42081 36081      3
42083 36005     30
42083 36047     31
42083 36081     15
42085 36047     49
42085 36061     27
42085 36085     19
42087 36061      8
42087 36081      6
42089 36005   1847
42089 36047   2256
42089 36061    799
42089 36081   2209
42089 36085    832
42091 36005    419
42091 36047    646
42091 36061    864
42091 36081    564
42091 36085    120
42093 36005      3
42093 36061     11
42093 36081     29
42095 36005    348
42095 36047    669
42095 36061    285
42095 36081    367
42095 36085    297
42097 36005     71
42097 36047     36
42097 36061    118
42097 36081     21
42099 36005      3
42099 36047      4
42099 36081      1
42101 36005   1586
42101 36047   2885
42101 36061   2779
42101 36081   1501
42101 36085    162
42103 36005    232
42103 36047    606
42103 36061    216
42103 36081    738
42103 36085    210
42105 36061      2
42105 36081      7
42105 36085      4
42107 36005     26
42107 36047     55
42107 36061     30
42107 36081     20
42107 36085     19
42109 36005      4
42109 36047     37
42109 36081     19
42109 36085     17
42111 36085     13
42113 36047     11
42113 36081      8
42113 36085      4
42115 36005      8
42115 36047     16
42115 36061     20
42115 36081     14
42117 36005     22
42117 36047      2
42117 36061      7
42117 36081     11
42119 36005     24
42119 36047     21
42119 36061     21
42119 36081     11
42119 36085     11
42121 36047      2
42121 36081     45
42123 36061      1
42123 36081     23
42125 36047      9
42125 36061     19
42125 36081     61
42127 36005     59
42127 36047    174
42127 36061    180
42127 36081    252
42127 36085     72
42129 36005     23
42129 36047     76
42129 36061     19
42129 36081     62
42129 36085     18
42131 36047      6
42131 36061     15
42131 36081     11
42133 36005    199
42133 36047    234
42133 36061    152
42133 36081    127
42133 36085     33
44001 36005     16
44001 36047     74
44001 36061     37
44001 36081     60
44003 36005     97
44003 36047     55
44003 36061     53
44003 36081     34
44005 36005     49
44005 36047     68
44005 36061    133
44005 36081     35
44005 36085     15
44007 36005   1885
44007 36047   1535
44007 36061   1610
44007 36081   1016
44007 36085    111
44009 36005     42
44009 36047     99
44009 36061    227
44009 36081     35
44009 36085     45
45001 36047     27
45001 36061     20
45001 36081     34
45003 36047     75
45003 36061     47
45003 36081    174
45003 36085      8
45005 36005     11
45005 36047      2
45005 36081     20
45007 36005     52
45007 36047     70
45007 36061     40
45007 36081     63
45009 36047    190
45009 36081     17
45011 36005     10
45011 36047     41
45011 36061     26
45013 36005    126
45013 36047    265
45013 36061    181
45013 36081    188
45013 36085     42
45015 36005    196
45015 36047    209
45015 36061    338
45015 36081    175
45017 36005     48
45017 36047     39
45017 36061      8
45017 36081     47
45019 36005    515
45019 36047    523
45019 36061    436
45019 36081    237
45019 36085     66
45021 36005     12
45021 36047     33
45021 36061      4
45021 36081      2
45023 36047     40
45023 36061     15
45023 36081     18
45025 36005     29
45025 36047     32
45025 36061      9
45025 36081     17
45027 36005     86
45027 36047     69
45027 36061    109
45027 36081     47
45029 36005     64
45029 36047    119
45029 36061      5
45029 36081     28
45031 36005     42
45031 36047    167
45031 36061     48
45031 36081     11
45033 36005      4
45033 36047     45
45033 36061      5
45033 36081     27
45035 36005     38
45035 36047    126
45035 36061    136
45035 36081    184
45037 36047     38
45037 36061      5
45037 36081     11
45039 36047     14
45039 36061     20
45039 36081      5
45041 36005     63
45041 36047    158
45041 36061    101
45041 36081    153
45041 36085     60
45043 36005    187
45043 36047     58
45043 36061     26
45043 36081     59
45043 36085     68
45045 36005    191
45045 36047    231
45045 36061    167
45045 36081    125
45045 36085     23
45047 36005     23
45047 36047      5
45047 36061      8
45047 36081     42
45049 36005      7
45049 36047     62
45049 36061     18
45049 36081     19
45051 36005     56
45051 36047    200
45051 36061    117
45051 36081    378
45051 36085      7
45053 36005     20
45053 36047     59
45053 36061     11
45053 36081     87
45055 36005     86
45055 36047     73
45055 36061     18
45055 36081     37
45057 36047     33
45057 36081     33
45059 36047     63
45059 36081      7
45061 36005     13
45061 36047     15
45061 36061      7
45061 36081     33
45063 36005    130
45063 36047    200
45063 36061     30
45063 36081    259
45063 36085     32
45065 36081     25
45067 36005     39
45067 36047     63
45067 36061     22
45067 36081     20
45069 36047    140
45069 36081     61
45071 36005     31
45071 36047     12
45071 36081      6
45073 36047     15
45073 36061     34
45073 36081     39
45075 36005    328
45075 36047    357
45075 36061    130
45075 36081    176
45075 36085     19
45077 36005     15
45077 36047     17
45077 36061     24
45077 36085      2
45079 36005    310
45079 36047    554
45079 36061    142
45079 36081    364
45079 36085     29
45081 36005      5
45081 36047     48
45083 36005     33
45083 36047    184
45083 36061     15
45083 36081    208
45085 36005    246
45085 36047    173
45085 36061     80
45085 36081    143
45085 36085     78
45087 36005     26
45087 36047      2
45087 36061      4
45087 36081      7
45089 36005     17
45089 36047    115
45089 36061     25
45089 36081     25
45091 36005     61
45091 36047     46
45091 36061     58
45091 36081    117
45091 36085     19
46013 36081      4
46013 36085      6
46027 36081     11
46051 36005     12
46059 36047      2
46067 36061      2
46071 36061      8
46081 36047      6
46081 36061      3
46091 36005      3
46099 36061     17
46099 36081     40
46103 36061     37
46109 36047      2
46115 36061      3
46121 36081      7
46135 36061     14
47001 36081     32
47007 36081      5
47009 36047     20
47011 36005      9
47011 36047     14
47011 36081     10
47011 36085     10
47013 36047     16
47017 36005     10
47017 36081     34
47019 36061      6
47021 36081      8
47029 36061     19
47031 36085     11
47033 36047      2
47033 36085      2
47035 36047     21
47035 36061      7
47037 36005    215
47037 36047    390
47037 36061    509
47037 36081    177
47037 36085     77
47041 36061      1
47045 36061      7
47047 36061      2
47047 36081      9
47051 36061     75
47053 36081      7
47057 36081     12
47065 36005     16
47065 36047     55
47065 36061     33
47065 36081     81
47065 36085      8
47069 36081      6
47071 36085     13
47073 36061      4
47081 36081     51
47085 36005      7
47085 36061      6
47087 36005      2
47089 36081     12
47093 36005     27
47093 36047    139
47093 36061     49
47093 36081     10
47097 36061     11
47097 36081     18
47099 36081      9
47099 36085      4
47101 36047      9
47107 36081     33
47113 36005     12
47113 36047     22
47115 36047     22
47117 36047      4
47119 36047     17
47125 36005    110
47125 36047    177
47125 36061     41
47125 36081     67
47129 36047      7
47135 36047      1
47141 36005     40
47141 36061     25
47145 36005     45
47147 36047      6
47147 36081      8
47149 36005     25
47149 36047     66
47149 36061     39
47149 36081     28
47149 36085      7
47155 36061     11
47155 36085     13
47157 36005     76
47157 36047    367
47157 36061    311
47157 36081    305
47159 36085     29
47163 36061     15
47165 36005     22
47165 36047     52
47165 36061     11
47165 36081     17
47167 36047     21
47177 36081      4
47179 36005     12
47179 36047     51
47179 36085      9
47181 36047      1
47183 36047     43
47185 36047      6
47187 36047     15
47187 36061     39
47187 36081     59
47189 36061     18
47189 36081      5
48013 36047      2
48021 36047     23
48027 36005    143
48027 36047    357
48027 36061    103
48027 36081    106
48027 36085     32
48029 36005     97
48029 36047    316
48029 36061    282
48029 36081    390
48031 36047      2
48037 36061      4
48037 36081      5
48039 36005     23
48039 36047     12
48039 36061     31
48039 36081     78
48041 36005     16
48041 36047     11
48041 36061     10
48047 36047     16
48049 36047      3
48051 36061      5
48053 36005      1
48061 36005     15
48061 36047     18
48061 36061     34
48061 36081     75
48061 36085      6
48063 36061     45
48067 36047      4
48069 36061      5
48085 36005     96
48085 36047    228
48085 36061    110
48085 36081    149
48099 36005     60
48099 36047    182
48099 36061     40
48099 36081     16
48109 36081      9
48113 36005    208
48113 36047    619
48113 36061    961
48113 36081    860
48113 36085     57
48121 36005     27
48121 36047     84
48121 36061    212
48121 36081    109
48139 36005      4
48139 36047     24
48139 36081      3
48141 36005     33
48141 36047     69
48141 36061     91
48141 36081    181
48149 36061     15
48157 36005      6
48157 36047    135
48157 36061     74
48157 36081    279
48157 36085     30
48161 36081      4
48167 36005     13
48167 36047     83
48167 36061      5
48167 36085     10
48181 36047      4
48181 36081     17
48183 36047     38
48183 36061      4
48183 36081      7
48187 36005     24
48199 36081      7
48201 36005    615
48201 36047   1324
48201 36061   1442
48201 36081   1727
48201 36085     58
48203 36061     50
48209 36047      8
48209 36061      7
48209 36081     14
48213 36081      5
48215 36005     64
48215 36047     34
48215 36061     66
48215 36081     30
48217 36005     16
48221 36061     10
48221 36081     29
48231 36061      5
48231 36081     17
48233 36081      9
48241 36061      7
48243 36047      3
48245 36047     37
48245 36061     16
48251 36047      6
48251 36081      8
48255 36047     18
48259 36061      7
48271 36047      3
48275 36081      3
48281 36081      7
48291 36061      6
48303 36061     14
48303 36081     17
48309 36047     39
48309 36081     40
48313 36047      7
48315 36005      6
48321 36061      8
48321 36081     14
48323 36047     35
48325 36061      9
48329 36061      6
48329 36081      4
48331 36061      4
48337 36047      6
48339 36005      9
48339 36047     62
48339 36061    106
48339 36081     81
48341 36047     35
48341 36061      9
48343 36061      4
48347 36005     36
48355 36005     27
48355 36047     46
48355 36061     33
48355 36081     15
48357 36061      5
48363 36005      6
48363 36047     13
48367 36061      7
48367 36081      9
48375 36005     16
48375 36047     61
48375 36061     23
48377 36061      2
48381 36047     12
48381 36061     11
48383 36061     15
48387 36047      4
48387 36081     33
48397 36047     16
48401 36061      5
48409 36005     19
48409 36047     14
48409 36085     42
48423 36047     47
48423 36061      8
48423 36085     14
48425 36061      2
48429 36081     15
48439 36005    262
48439 36047    356
48439 36061    360
48439 36081    502
48439 36085     42
48441 36005     45
48441 36047     18
48441 36061      5
48441 36081     16
48451 36005      7
48451 36047      7
48451 36081      3
48453 36005    166
48453 36047    293
48453 36061    589
48453 36081    151
48453 36085     60
48465 36047      7
48465 36061      7
48467 36061      7
48467 36081      9
48469 36047      7
48471 36061      9
48471 36081      5
48473 36081      8
48479 36047     15
48481 36081      7
48485 36005      7
48485 36047     82
48485 36061     36
48491 36005     30
48491 36047     83
48491 36061     37
48491 36081    186
48503 36005     18
49001 36047      2
49003 36061      8
49005 36005      1
49005 36061     15
49005 36081     14
49011 36005     18
49011 36061      6
49011 36081     26
49011 36085     54
49013 36061      2
49021 36061     45
49025 36047      5
49025 36061      4
49035 36005     23
49035 36047     91
49035 36061    325
49035 36081     90
49035 36085     43
49037 36005      4
49039 36081      4
49043 36061     25
49043 36081      9
49045 36047      1
49045 36061     12
49045 36081      4
49049 36005     16
49049 36047     43
49049 36061     57
49049 36081     89
49051 36047     24
49051 36061     12
49053 36047     12
49053 36061     16
49057 36005     94
49057 36047     22
49057 36061      9
49057 36081     20
50001 36005     14
50001 36047     47
50001 36061     58
50001 36081     46
50001 36085     13
50003 36005     26
50003 36047     84
50003 36061     50
50003 36081     38
50003 36085      7
50005 36005      2
50005 36047      1
50005 36061     15
50005 36081      5
50005 36085      2
50007 36005     91
50007 36047    209
50007 36061    187
50007 36081     67
50007 36085     27
50009 36005      9
50011 36005      2
50011 36061     25
50011 36081      4
50013 36047      4
50013 36061     15
50015 36005     11
50015 36047     11
50015 36061     36
50015 36081      4
50017 36005      5
50017 36047     24
50017 36061     23
50017 36081      2
50019 36005      6
50019 36047     14
50019 36061      5
50019 36081      9
50019 36085      5
50021 36005      5
50021 36047     22
50021 36061     25
50021 36081     36
50023 36005     21
50023 36047     53
50023 36061     48
50023 36081     58
50023 36085     29
50025 36005      2
50025 36047     32
50025 36061     76
50025 36081     20
50025 36085      3
50027 36005     17
50027 36047     27
50027 36061     83
50027 36081     19
50027 36085      7
51001 36005     12
51001 36047     10
51001 36061     24
51001 36081      4
51001 36085      6
51003 36005     33
51003 36047    124
51003 36061    394
51003 36081    142
51003 36085     39
51005 36061      9
51007 36047     14
51007 36061     18
51007 36081      3
51009 36047     16
51013 36005    294
51013 36047    301
51013 36061    905
51013 36081    563
51013 36085     29
51015 36005      6
51015 36047     24
51015 36061     15
51015 36081     26
51019 36005     15
51019 36081     50
51021 36047      9
51023 36047      4
51023 36061     22
51023 36081      6
51025 36005     31
51025 36047     18
51025 36061      2
51025 36081      5
51029 36005      5
51029 36081     25
51031 36005     23
51031 36047     66
51031 36061     62
51031 36081     93
51031 36085      8
51033 36047     12
51035 36085     19
51037 36047      2
51037 36081     42
51041 36005    238
51041 36047    327
51041 36061    168
51041 36081    379
51041 36085    115
51043 36047      4
51047 36005     38
51047 36047      5
51047 36061     14
51049 36047     13
51049 36061     20
51053 36005    139
51053 36047     79
51053 36061     46
51053 36081     26
51057 36061      3
51059 36005    356
51059 36047    966
51059 36061    910
51059 36081   1177
51059 36085    105
51061 36005      4
51061 36061     42
51061 36081     23
51063 36061     49
51065 36005      9
51065 36047     51
51065 36085     11
51067 36047      6
51067 36081     10
51069 36005     16
51069 36061     26
51069 36081     57
51073 36061     21
51073 36081      6
51075 36061     12
51077 36061      2
51079 36061      1
51081 36005      9
51081 36047     10
51083 36005     18
51083 36047     14
51083 36061      8
51083 36081     37
51085 36005      9
51085 36061     27
51085 36081      7
51087 36005    681
51087 36047   1267
51087 36061    807
51087 36081    704
51087 36085    113
51089 36005      4
51089 36047     17
51089 36081     40
51093 36005     11
51093 36047     18
51093 36061     16
51093 36081      8
51095 36005     27
51095 36047     24
51095 36061     74
51095 36081     55
51095 36085     22
51099 36005      9
51099 36047     15
51099 36081      9
51103 36081      3
51105 36061      7
51107 36005      4
51107 36047    123
51107 36061    123
51107 36081    183
51107 36085     28
51109 36005      4
51109 36047      2
51109 36061      5
51111 36005     17
51111 36047     12
51111 36061      5
51111 36081     12
51113 36085     12
51117 36005     67
51117 36047     42
51117 36081     41
51117 36085     20
51119 36047      4
51119 36085     15
51121 36047     21
51121 36061     19
51121 36081     24
51121 36085     11
51125 36005     21
51125 36061      6
51125 36081      6
51127 36005      5
51127 36047      6
51131 36005     17
51131 36047      5
51131 36081      7
51131 36085     11
51135 36047     17
51135 36081    123
51137 36061      2
51139 36061     12
51139 36081     59
51141 36061      3
51143 36005     27
51143 36047    123
51143 36061     13
51143 36081    136
51143 36085      6
51145 36005     14
51147 36047     70
51147 36081     19
51149 36005     39
51149 36047    113
51149 36061      8
51149 36081    140
51149 36085      6
51153 36005    341
51153 36047    605
51153 36061    317
51153 36081    432
51153 36085     86
51155 36081      7
51159 36005      6
51159 36047      1
51159 36061      5
51161 36005    113
51161 36047    157
51161 36061     51
51161 36081    132
51161 36085     81
51163 36005     20
51163 36047     58
51163 36061     45
51163 36085      3
51165 36005     12
51165 36047     40
51165 36061    117
51165 36081     63
51165 36085      9
51167 36061      6
51171 36047      2
51171 36081     27
51173 36061      8
51175 36005      8
51175 36047     15
51175 36061      3
51175 36081     11
51177 36005     34
51177 36047     42
51177 36061     27
51177 36081     37
51177 36085     40
51179 36005     31
51179 36047      8
51179 36061     13
51179 36081     20
51179 36085      6
51181 36005      3
51181 36047      9
51181 36061      2
51183 36005      6
51183 36047     67
51183 36081     39
51185 36081     37
51187 36047     17
51187 36061      9
51191 36005     19
51191 36061     14
51191 36081     20
51193 36061      4
51193 36081     13
51195 36005      6
51195 36081      7
51199 36047     11
51199 36061     46
51199 36081     38
51550 36005    694
51550 36047   1287
51550 36061    898
51550 36081    977
51550 36085    272
51570 36047     63
51570 36061      4
51570 36081     13
51650 36005    374
51650 36047    599
51650 36061    166
51650 36081    179
51650 36085     46
51700 36005    252
51700 36047    389
51700 36061    176
51700 36081    411
51700 36085     71
51800 36005     27
51800 36047     58
51800 36061     70
51800 36081     55
51800 36085     30
51810 36005    730
51810 36047   1181
51810 36061    530
51810 36081    789
51810 36085    204
53001 36061      5
53005 36061     10
53007 36047      5
53009 36047      4
53011 36005     38
53011 36047     11
53011 36061     21
53011 36085      3
53015 36005      8
53015 36061      6
53021 36061     15
53025 36061     20
53029 36005     16
53029 36047     60
53029 36061     17
53029 36081     11
53031 36061      6
53033 36005    321
53033 36047    805
53033 36061   2085
53033 36081    423
53033 36085     95
53035 36005     13
53035 36047     24
53035 36061     76
53035 36081     23
53035 36085      5
53037 36047      2
53037 36061      6
53039 36005      5
53041 36085      3
53045 36047      5
53045 36081     16
53047 36005     13
53047 36061      1
53047 36081      1
53051 36061      2
53053 36005     68
53053 36047    128
53053 36061    113
53053 36081    245
53053 36085      8
53059 36081      2
53061 36005     11
53061 36047    102
53061 36061     65
53061 36081     68
53061 36085     28
53063 36047     15
53063 36061     39
53065 36081      8
53067 36047      5
53067 36061     29
53067 36081     23
53073 36061     32
53073 36081     10
53075 36081     13
53077 36005      8
53077 36047    214
53077 36061     15
53077 36081      5
54001 36047      5
54003 36061     39
54003 36081     56
54003 36085     11
54005 36005     12
54005 36081      3
54007 36085     12
54009 36047      6
54009 36061      7
54009 36081      3
54011 36005     37
54011 36047     13
54011 36061      7
54015 36061      4
54019 36061      9
54019 36081     23
54025 36047     11
54029 36047     18
54033 36005      7
54033 36081      2
54037 36047      7
54037 36061      3
54037 36081     92
54039 36005     15
54039 36047     79
54039 36061     36
54039 36081     27
54039 36085      4
54047 36005      1
54047 36081      4
54049 36061      8
54049 36085      3
54053 36047     55
54055 36081     26
54057 36081      1
54057 36085     13
54061 36047      9
54061 36061     41
54061 36081     60
54065 36081      2
54069 36005      9
54075 36047      7
54075 36081      5
54075 36085      5
54077 36047     28
54077 36061     14
54079 36061      2
54079 36081      1
54081 36005     16
54081 36047     14
54081 36061     17
54081 36081     58
54081 36085     23
54083 36061     15
54085 36061      3
54085 36085     12
54089 36061      9
54091 36047      9
54091 36061     20
54093 36061      2
54097 36081      6
55003 36081      3
55005 36061      7
55005 36081      2
55007 36081     15
55009 36005      9
55009 36047     26
55009 36061      4
55009 36081     14
55015 36081      2
55019 36005      3
55021 36005      4
55021 36081      1
55023 36061      3
55025 36005    181
55025 36047     99
55025 36061    154
55025 36081    140
55025 36085     19
55027 36005      5
55027 36061      2
55029 36061      3
55035 36081      4
55039 36061     41
55043 36081      2
55049 36061      6
55055 36005      2
55055 36047      2
55055 36061     39
55057 36047      2
55059 36047      5
55059 36081     22
55069 36061     10
55073 36061      8
55075 36061     20
55075 36085      4
55077 36005     10
55078 36081     12
55079 36005    179
55079 36047    191
55079 36061    189
55079 36081    258
55079 36085     20
55081 36081      8
55083 36005      2
55083 36061      6
55087 36005     14
55087 36081     17
55089 36047      8
55089 36061     54
55095 36061      4
55101 36047     48
55101 36061     17
55101 36081     42
55105 36047     10
55109 36061     20
55111 36081      6
55113 36061      5
55113 36081      2
55117 36005      9
55117 36047      4
55117 36061     14
55121 36061      2
55123 36061      2
55127 36047     23
55127 36061      2
55127 36081      7
55133 36047      8
55133 36061     36
55133 36081      3
55135 36081      6
55139 36061      3
56001 36047      5
56001 36081      4
56005 36061     46
56013 36047      9
56013 36061      4
56015 36047      4
56019 36061     33
56021 36005     16
56021 36047      6
56021 36061     15
56021 36081     19
56025 36085      9
56029 36061      6
56033 36081     13
56039 36061     54
56041 36061      2
