01001 36047     14
01003 36061     18
01003 36081      9
01009 36081     13
01011 36047     25
01015 36061      9
01043 36047      7
01045 36047     10
01045 36081     14
01047 36081     12
01051 36081      8
01053 36061     11
01053 36081     24
01055 36005     19
01055 36047     20
01055 36061     13
01055 36081      9
01065 36005     20
01069 36061     10
01069 36081      8
01073 36005     24
01073 36047     58
01073 36061    176
01073 36081      8
01073 36085     14
01081 36061     32
01081 36081     28
01087 36005     46
01087 36061      8
01089 36005     20
01089 36047     79
01089 36061     74
01089 36085      9
01095 36047     12
01097 36047     53
01097 36061     87
01097 36081     18
01097 36085     11
01101 36047     17
01101 36061     94
01101 36081     18
01117 36061      9
01117 36081     22
01121 36061     21
01121 36081     19
01125 36005     10
01125 36047      7
01125 36061     59
01125 36081     16
01125 36085     15
02020 36047     29
02020 36061     24
02020 36081     79
02020 36085      4
02060 36047      9
02090 36047     75
02090 36061     30
02110 36081      6
02122 36061     10
02130 36085     11
02150 36005      8
02201 36061      3
02240 36047     17
04001 36061     15
04003 36047     49
04003 36081     28
04003 36085     15
04005 36047      7
04005 36061    143
04005 36081     63
04005 36085      6
04007 36061     13
04009 36081      8
04013 36005     60
04013 36047    354
04013 36061    672
04013 36081    265
04013 36085     97
04017 36081     25
04019 36005     58
04019 36047    169
04019 36061    379
04019 36081     96
04019 36085     50
04021 36047      7
04025 36061     54
04027 36005     18
04027 36047    129
04027 36081      4
05015 36047     18
05031 36061      9
05031 36081     21
05041 36005     14
05045 36061      8
05051 36061     12
05059 36081      6
05069 36061     12
05093 36061     20
05093 36081      5
05097 36081     17
05107 36061     25
05119 36047     18
05119 36061    196
05119 36081     16
05139 36061     12
05143 36061     51
06001 36005     89
06001 36047    429
06001 36061   1354
06001 36081    272
06001 36085     23
06007 36047     42
06007 36061     23
06007 36081     35
06009 36081     13
06011 36081     18
06013 36005     82
06013 36047     98
06013 36061    370
06013 36081    126
06013 36085      5
06019 36005     62
06019 36047     42
06019 36061    109
06019 36081     99
06019 36085      6
06023 36047     48
06025 36061     18
06025 36081     33
06029 36005     34
06029 36047     68
06029 36061    106
06029 36081    144
06029 36085     36
06031 36085     10
06037 36005    630
06037 36047   3133
06037 36061   8446
06037 36081   2587
06037 36085    239
06039 36047     10
06041 36005      8
06041 36047     22
06041 36061    318
06041 36081     10
06041 36085     17
06045 36047     41
06047 36047      5
06047 36061     73
06047 36081     33
06053 36061     75
06053 36081     21
06055 36005     49
06055 36061     37
06057 36061      8
06059 36005    169
06059 36047    347
06059 36061   1196
06059 36081    275
06059 36085    148
06061 36047     13
06061 36061     15
06063 36061     11
06065 36005      3
06065 36047      8
06065 36061    177
06065 36081     62
06067 36005     45
06067 36047     60
06067 36061    153
06067 36081     99
06067 36085     13
06071 36005    150
06071 36047     51
06071 36061    247
06071 36081     36
06071 36085     27
06073 36005    296
06073 36047    557
06073 36061   1427
06073 36081    687
06073 36085     97
06075 36005    136
06075 36047   1182
06075 36061   3733
06075 36081    539
06075 36085     14
06077 36047     12
06077 36061     23
06079 36061     29
06079 36081     18
06081 36005      6
06081 36047    158
06081 36061    284
06081 36081     76
06081 36085     15
06083 36047    108
06083 36061    333
06083 36081     34
06085 36005     61
06085 36047    272
06085 36061    896
06085 36081    238
06085 36085      6
06087 36047    127
06087 36061    111
06087 36081     69
06087 36085     15
06091 36047      7
06095 36005     14
06095 36047     20
06095 36061     51
06095 36081     14
06097 36005     18
06097 36047     21
06097 36061     99
06097 36081     22
06099 36005     50
06099 36047     11
06099 36061     25
06099 36081      7
06101 36081      8
06105 36047      7
06107 36061     10
06107 36081     24
06109 36047     13
06109 36061     24
06109 36081     76
06111 36005     36
06111 36047     41
06111 36061    146
06111 36081     54
06113 36047     27
06113 36061     95
06113 36081      6
08001 36047     17
08001 36061     32
08005 36005     27
08005 36047     33
08005 36061     58
08005 36081     34
08013 36005      8
08013 36047    193
08013 36061    621
08013 36081    116
08013 36085     16
08031 36005     34
08031 36047    230
08031 36061    568
08031 36081     94
08031 36085     23
08035 36061    115
08037 36061     78
08041 36005     18
08041 36047     90
08041 36061    201
08041 36081     13
08041 36085     10
08045 36061     21
08059 36005     17
08059 36047     55
08059 36061     60
08059 36081     31
08059 36085     13
08067 36047     20
08067 36061     42
08069 36047     16
08069 36061     72
08069 36081     43
08081 36085      7
08097 36061     73
08101 36047      4
08101 36061     30
08101 36081     14
08107 36047     18
08107 36061     12
08113 36061     18
08113 36081      9
08117 36047     17
08117 36061     58
08119 36061      9
09001 36005    539
09001 36047    771
09001 36061   4795
09001 36081    804
09001 36085     55
09003 36005    286
09003 36047    461
09003 36061   1082
09003 36081    452
09005 36005     35
09005 36047     99
09005 36061    218
09005 36081     50
09007 36047    273
09007 36061    362
09007 36081     67
09007 36085     17
09009 36005    556
09009 36047    890
09009 36061   2570
09009 36081    752
09009 36085     47
09011 36005     36
09011 36047    224
09011 36061    232
09011 36081    136
09011 36085     48
09013 36005     17
09013 36047     63
09013 36061    122
09013 36081     65
09015 36005     16
09015 36047     33
09015 36061    157
09015 36081     27
09015 36085     24
10001 36047     35
10001 36061     40
10001 36081      9
10003 36005    113
10003 36047    200
10003 36061    456
10003 36081    189
10003 36085     12
10005 36005     36
10005 36061     39
10005 36081     29
11001 36005    246
11001 36047   1626
11001 36061   5434
11001 36081    475
11001 36085     26
12001 36005     19
12001 36047    158
12001 36061    512
12001 36081     45
12001 36085     11
12005 36005     15
12005 36047     13
12005 36061     20
12005 36081      5
12009 36005    155
12009 36047     39
12009 36061     98
12009 36081     99
12009 36085      4
12011 36005    300
12011 36047    798
12011 36061    781
12011 36081    904
12011 36085    366
12015 36047     23
12015 36081     74
12017 36085     12
12019 36047     13
12019 36061    110
12019 36081     31
12021 36005    103
12021 36047     16
12021 36061     43
12023 36005     10
12023 36081     16
12031 36005     39
12031 36047    118
12031 36061    189
12031 36081     20
12031 36085     29
12033 36047     48
12033 36061      8
12033 36081      8
12035 36047     14
12035 36061      6
12035 36081     26
12051 36005      6
12051 36081      8
12053 36005     30
12053 36047     17
12053 36081     12
12055 36005     63
12055 36081      9
12057 36005    219
12057 36047    349
12057 36061    696
12057 36081    256
12057 36085     66
12061 36005     44
12061 36047     17
12061 36061     21
12061 36085      8
12063 36047     10
12069 36081     27
12069 36085     13
12071 36005     45
12071 36047     33
12071 36061     74
12071 36081     49
12073 36005     20
12073 36047    209
12073 36061    150
12073 36081     90
12075 36081      9
12081 36005     45
12081 36047     19
12081 36061      6
12081 36081      8
12081 36085     23
12083 36047     18
12083 36061     15
12083 36081     55
12085 36061     70
12085 36081     25
12085 36085      6
12086 36005   1523
12086 36047   2414
12086 36061   3036
12086 36081   2478
12086 36085    198
12087 36047     15
12087 36061     65
12087 36081     19
12087 36085      9
12091 36005     36
12091 36047      4
12091 36061     22
12091 36081      4
12091 36085      4
12095 36005    485
12095 36047    297
12095 36061    406
12095 36081    382
12095 36085    158
12097 36005     99
12097 36047     85
12097 36061      7
12097 36081     31
12097 36085      6
12099 36005    263
12099 36047    283
12099 36061    724
12099 36081    421
12099 36085    132
12101 36005    292
12101 36047     48
12101 36081     52
12101 36085     20
12103 36005    144
12103 36047    110
12103 36061    228
12103 36081    145
12103 36085     99
12105 36005      8
12105 36047     32
12105 36061     89
12105 36081     18
12105 36085     13
12107 36047     14
12109 36005     16
12109 36047     26
12109 36061    153
12109 36081     56
12111 36005     91
12111 36047     92
12111 36061     22
12111 36081     88
12111 36085      9
12113 36047     33
12113 36061      7
12115 36047     65
12115 36061     70
12115 36081     69
12115 36085      6
12117 36005     22
12117 36047     58
12117 36061     60
12117 36081    100
12117 36085     26
12121 36081     12
12125 36047      4
12127 36005     51
12127 36047    109
12127 36061     99
12127 36081     83
12127 36085     40
12133 36005      4
13009 36061      7
13009 36081      6
13015 36047     24
13015 36081     19
13021 36047      6
13021 36061     11
13021 36081     22
13031 36005      8
13031 36047     27
13031 36061     42
13031 36081     11
13031 36085     12
13051 36005    137
13051 36047     23
13051 36061    382
13051 36081     53
13051 36085      5
13053 36047     72
13053 36061      7
13053 36081     11
13057 36061      7
13059 36047     74
13059 36061    169
13059 36081     17
13063 36005     93
13063 36047     26
13063 36061     18
13067 36005     58
13067 36047    146
13067 36061    268
13067 36081    169
13067 36085     27
13087 36081      9
13089 36005     69
13089 36047    363
13089 36061    828
13089 36081    246
13089 36085     31
13095 36047     37
13095 36061     40
13097 36047     24
13097 36081      8
13097 36085     28
13113 36047     16
13115 36061      8
13117 36061      8
13121 36005    298
13121 36047    774
13121 36061   1771
13121 36081    259
13121 36085     32
13127 36047      9
13135 36005     31
13135 36047     19
13135 36061    110
13135 36081     80
13135 36085      3
13139 36081      9
13147 36047      5
13151 36047     20
13153 36047      6
13153 36085     15
13163 36047     10
13179 36005     38
13179 36047     46
13179 36061     24
13185 36047     24
13185 36081      5
13187 36081      7
13199 36061      7
13199 36081      5
13211 36061      8
13215 36047      9
13215 36061     42
13229 36005     20
13237 36047      9
13245 36005     28
13245 36047     13
13245 36061     37
13245 36081    111
13247 36061      8
13247 36081      7
13247 36085      6
13261 36081      7
13271 36061     20
13275 36061      3
13299 36081     14
13305 36005     33
13313 36061     16
15001 36047      8
15001 36061     33
15001 36081     11
15003 36005    176
15003 36047    153
15003 36061    302
15003 36081    298
15003 36085     22
15007 36047      5
15007 36061     90
15007 36081     16
15009 36005      9
15009 36047     27
15009 36061     33
15009 36081     40
16001 36047     26
16001 36061     20
16001 36081     44
16005 36005     22
16005 36061      8
16013 36061     19
16015 36047     14
16017 36085     12
16019 36061     13
16019 36081      8
16025 36081     12
16045 36081     10
16057 36047     13
16057 36061      9
17001 36061      8
17007 36047     26
17009 36085     26
17019 36047     20
17019 36061    252
17019 36081     74
17023 36047     12
17029 36061      7
17031 36005    666
17031 36047   2176
17031 36061   4830
17031 36081   1144
17031 36085    125
17037 36047      9
17037 36061     30
17041 36081      6
17043 36005     15
17043 36047    116
17043 36061    176
17043 36081     89
17043 36085     86
17057 36061      7
17063 36005     20
17077 36005      8
17077 36061     21
17083 36047     14
17089 36005     15
17089 36047      9
17089 36061     18
17089 36081     17
17095 36047     10
17097 36005      9
17097 36047     52
17097 36061    196
17097 36081     69
17103 36061      8
17109 36081     10
17111 36047     12
17111 36061     20
17113 36005      7
17113 36047     23
17113 36061     10
17115 36081      6
17129 36047     16
17143 36047     23
17143 36061     13
17151 36081      7
17161 36005     41
17161 36047      7
17161 36061     19
17161 36081      7
17161 36085     15
17163 36005     31
17163 36061      5
17165 36047      9
17167 36061     34
17177 36061     11
17179 36081      9
17193 36061     10
17197 36005      9
17197 36047     52
17197 36061     18
17197 36085      7
17199 36047     10
17199 36081     11
17201 36005     39
17201 36047      3
17201 36061     29
17201 36081     20
18003 36047     30
18003 36061     63
18005 36005     22
18005 36061     12
18011 36061     15
18019 36061      7
18019 36081      4
18031 36061      8
18035 36005     17
18035 36047      9
18035 36061     31
18037 36081      9
18043 36061      9
18043 36081     11
18057 36005     11
18057 36061     29
18057 36081     32
18059 36081      7
18061 36081      8
18067 36047     11
18069 36061     10
18073 36061     15
18083 36081     10
18089 36005     29
18089 36047     27
18089 36061     14
18089 36081     34
18091 36047      5
18091 36061     14
18095 36047      7
18095 36061     10
18097 36005      7
18097 36047     53
18097 36061    240
18097 36081     88
18099 36061      7
18103 36005     32
18103 36047      9
18103 36081     11
18105 36005     20
18105 36047     97
18105 36061    359
18105 36081    122
18107 36047     14
18127 36047     13
18127 36081      7
18133 36061     10
18141 36005     38
18141 36047    123
18141 36061    209
18141 36081     13
18145 36047      9
18157 36005     14
18157 36047     28
18157 36061     84
18157 36081     52
18157 36085     16
18163 36047      7
18163 36061     27
18163 36081     11
18167 36047     11
18167 36061     16
18167 36081      6
18173 36081     12
18177 36047     14
18177 36061      5
18179 36085     24
19013 36061     27
19033 36085      5
19043 36047     11
19045 36047     16
19053 36081      8
19067 36081      7
19103 36005     13
19103 36047     66
19103 36061    163
19103 36081     50
19111 36085      5
19113 36061     39
19113 36081      7
19119 36061      9
19125 36081     18
19149 36047     10
19151 36081     18
19153 36047     11
19153 36061     52
19153 36081     60
19155 36061     22
19157 36047     27
19157 36061     70
19157 36081     21
19163 36047      9
19163 36061     21
19169 36005      9
19169 36061     44
19169 36081     10
19181 36047      5
19191 36061     20
19191 36081     16
19193 36047     16
19193 36081     10
20037 36047      7
20037 36081     12
20045 36061    134
20045 36081     93
20051 36005     24
20057 36047     16
20079 36081      2
20091 36047     99
20091 36061    139
20091 36081     35
20091 36085     92
20099 36061     12
20103 36061     18
20121 36061      9
20125 36047      9
20129 36081      3
20161 36005     17
20161 36047     14
20161 36061     36
20161 36081     28
20161 36085     14
20169 36005      7
20173 36061    117
20173 36081     15
20173 36085      6
20177 36061      9
20177 36081     24
20209 36047     17
20209 36061     26
20209 36081      6
21015 36061      6
21015 36081     16
21019 36061      7
21021 36047     10
21021 36085     15
21023 36061      9
21027 36061      8
21031 36085      7
21035 36047      7
21035 36081     10
21037 36061      9
21047 36005      7
21047 36047     23
21057 36061      9
21059 36047     13
21067 36005     10
21067 36047     44
21067 36061    105
21067 36081     62
21075 36061      9
21083 36061      3
21089 36061      8
21101 36061     19
21111 36005     25
21111 36047     77
21111 36061    195
21111 36081    101
21111 36085     11
21117 36081     33
21119 36047     11
21125 36047     14
21135 36061      9
21145 36047      9
21209 36047     13
21211 36047     21
21211 36061      7
21227 36005      8
21227 36047      4
21227 36061     35
21229 36061      6
22017 36061     18
22017 36081     71
22019 36061      7
22019 36081     10
22033 36047     75
22033 36061    151
22033 36081     65
22039 36005     10
22051 36005     25
22051 36047     86
22051 36061     72
22051 36081     24
22055 36061     21
22055 36085     46
22061 36081     20
22067 36047     24
22069 36061      6
22071 36005    116
22071 36047    412
22071 36061    809
22071 36081    120
22071 36085     37
22073 36047     16
22079 36005     10
22087 36061     14
22093 36005     11
22095 36047     14
22103 36061     42
22103 36081      5
22103 36085     14
22105 36005      4
22105 36061     17
22105 36081     34
22123 36047      5
23001 36047     13
23001 36061    120
23003 36081      3
23005 36005      9
23005 36047    116
23005 36061    178
23005 36081    121
23005 36085     73
23009 36047     36
23009 36061     26
23009 36081     27
23011 36047     17
23011 36061    108
23013 36047     13
23015 36061     82
23019 36047     42
23019 36061     41
23023 36047     12
23023 36061     27
23023 36085     12
23025 36005      6
23025 36061     20
23025 36081      7
23027 36061     24
23029 36047     13
23031 36047     38
23031 36061     60
23031 36085     21
24001 36005     39
24003 36005     63
24003 36047    127
24003 36061    174
24003 36081     61
24003 36085     34
24005 36005      5
24005 36047    233
24005 36061    399
24005 36081    119
24009 36081     24
24011 36061      6
24013 36061     18
24013 36081     23
24013 36085      5
24017 36081     30
24019 36005     32
24019 36061      9
24021 36047      6
24021 36061     24
24021 36081     41
24021 36085     10
24025 36047     30
24025 36061     74
24027 36005     28
24027 36047      7
24027 36061    358
24027 36081    194
24029 36047     39
24029 36061      3
24031 36005    129
24031 36047    448
24031 36061   2041
24031 36081    264
24031 36085     10
24033 36005    230
24033 36047    314
24033 36061    554
24033 36081    189
24033 36085     22
24035 36061     69
24037 36005      5
24037 36047      9
24037 36061     23
24039 36005     28
24039 36061     13
24039 36081     10
24041 36047      7
24041 36081     11
24043 36005     13
24043 36047     16
24043 36061     26
24045 36005      5
24045 36047     91
24045 36061     21
24045 36081     13
24047 36047      5
24047 36081      5
24047 36085      8
24510 36005    278
24510 36047    903
24510 36061   1514
24510 36081    397
24510 36085    321
25001 36005     30
25001 36047     16
25001 36061    227
25001 36081     18
25001 36085     15
25003 36005     26
25003 36047    192
25003 36061    379
25003 36081     92
25005 36005     18
25005 36047    194
25005 36061    306
25005 36081    163
25005 36085     25
25007 36061      8
25007 36081     19
25009 36005    122
25009 36047    257
25009 36061    453
25009 36081    163
25009 36085     23
25011 36005      3
25011 36047     17
25011 36061     59
25011 36081      9
25013 36005    170
25013 36047     81
25013 36061    225
25013 36081    165
25013 36085     39
25015 36005     46
25015 36047    488
25015 36061    734
25015 36081     54
25017 36005    305
25017 36047   1335
25017 36061   4759
25017 36081    528
25017 36085     49
25019 36061     39
25019 36081      8
25021 36005    126
25021 36047    305
25021 36061   1247
25021 36081    171
25021 36085     23
25023 36005     28
25023 36047     57
25023 36061    154
25023 36081     70
25023 36085      5
25025 36005    660
25025 36047   1469
25025 36061   5260
25025 36081    702
25025 36085     71
25027 36005     68
25027 36047    260
25027 36061    357
25027 36081    155
25027 36085     14
26003 36085      7
26011 36085      7
26017 36047     15
26017 36061     16
26021 36047     19
26021 36061     10
26021 36081     48
26021 36085      6
26025 36005      9
26025 36061     10
26025 36081     10
26033 36085      7
26037 36061     11
26045 36047      8
26045 36061     17
26049 36047     22
26049 36061     48
26049 36081     24
26055 36005     30
26055 36047     19
26055 36061     46
26055 36081     14
26059 36061     10
26065 36005     30
26065 36047    125
26065 36061    229
26065 36081     85
26067 36081     10
26073 36061      6
26075 36047     13
26075 36081      4
26077 36047     94
26077 36061     32
26077 36081     22
26081 36047     43
26081 36061     66
26081 36081     56
26099 36005     60
26099 36047     10
26099 36061     70
26099 36081     23
26099 36085     31
26103 36047     13
26107 36081      9
26111 36061     15
26115 36047     12
26121 36081     17
26121 36085     18
26123 36061      5
26125 36005    103
26125 36047    224
26125 36061    575
26125 36081     84
26125 36085     21
26129 36081      6
26139 36047      4
26139 36061     16
26143 36047     10
26145 36085     10
26147 36081     10
26161 36005     24
26161 36047    318
26161 36061   1496
26161 36081    193
26163 36005     73
26163 36047    303
26163 36061    250
26163 36081    225
26163 36085    133
27003 36047      7
27003 36061     13
27003 36081      8
27007 36061      4
27017 36047     19
27019 36061     23
27037 36047     24
27037 36061     70
27037 36081     16
27043 36061     12
27053 36005    136
27053 36047    415
27053 36061    794
27053 36081    125
27053 36085     36
27061 36081     16
27085 36061      6
27109 36047     21
27109 36061     29
27123 36047    163
27123 36061    245
27123 36081     94
27131 36047     43
27131 36061     37
27137 36061     48
27139 36061     17
27145 36047      3
27145 36061     43
27163 36047     13
27169 36061      7
27169 36081     11
27171 36061      8
28001 36047      7
28011 36081     24
28015 36047     18
28033 36061      7
28035 36047      6
28035 36081     28
28043 36047      9
28045 36005      9
28047 36061     20
28049 36047     23
28049 36061     53
28049 36081     23
28051 36061     16
28071 36061     35
28075 36047     12
28075 36061     10
28081 36047      7
28085 36085     13
28087 36061      6
28089 36047     10
28089 36061     10
28105 36061      9
28113 36061     11
28149 36047      5
29001 36061      5
29007 36061      6
29019 36047     47
29019 36061    110
29019 36081     43
29021 36061     10
29023 36047      7
29031 36061     29
29043 36047      8
29047 36061     63
29047 36081      6
29053 36061     10
29071 36047      5
29071 36061     23
29077 36005      9
29077 36047     15
29077 36061     14
29077 36081     73
29077 36085      7
29079 36047      7
29093 36061      7
29095 36005     31
29095 36047     34
29095 36061    302
29095 36081     31
29101 36005     16
29107 36061      9
29123 36081      8
29135 36061     10
29161 36061     53
29161 36081     11
29183 36047      7
29183 36061     18
29189 36047    115
29189 36061    263
29189 36081     54
29213 36047     13
29213 36061      4
29219 36047      7
29225 36061      8
29510 36005      7
29510 36047    253
29510 36061    607
29510 36081    213
29510 36085     12
30013 36061     47
30017 36061      9
30027 36085      5
30031 36061     12
30043 36061     10
30049 36061     36
30063 36047     39
30063 36061     20
30081 36081      7
30087 36005      8
30111 36047      7
30111 36061     20
31019 36005     10
31055 36005     24
31055 36047     53
31055 36061     71
31055 36081     10
31055 36085      3
31089 36081     11
31099 36061      8
31109 36005     10
31109 36047      7
31109 36061    114
31109 36081     49
31129 36005     23
31145 36081     29
31153 36061     10
31177 36061      7
31185 36061     24
32003 36005    116
32003 36047    111
32003 36061    197
32003 36081    278
32003 36085    164
32005 36061      8
32009 36061      9
32023 36047      3
32031 36005     40
32031 36047     18
32031 36061     39
32510 36047     13
33001 36047     12
33001 36081     43
33001 36085      8
33003 36061      7
33003 36081      6
33005 36005     10
33005 36047     79
33005 36061     43
33007 36061      7
33009 36005     52
33009 36047     59
33009 36061    527
33009 36081     55
33011 36005     27
33011 36047     71
33011 36061    109
33011 36081     47
33011 36085     35
33013 36005     23
33013 36047     55
33013 36061     44
33013 36081     14
33015 36005     12
33015 36047     62
33015 36061    115
33015 36081     30
33015 36085      8
33017 36005      8
33017 36047     70
33017 36061    126
33017 36085      5
34001 36005    264
34001 36047    176
34001 36061    112
34001 36081     46
34001 36085     20
34003 36005    959
34003 36047    980
34003 36061   6237
34003 36081   1214
34003 36085    232
34005 36005     59
34005 36047    261
34005 36061    133
34005 36081    175
34005 36085     35
34007 36005    285
34007 36047    307
34007 36061    768
34007 36081    186
34007 36085     27
34009 36005    128
34009 36047     94
34009 36061    366
34009 36081     23
34009 36085     33
34011 36005     44
34011 36047     41
34011 36061     81
34011 36081     10
34013 36005    784
34013 36047   1101
34013 36061   2481
34013 36081    808
34013 36085    196
34015 36047     61
34015 36061    140
34015 36081     71
34015 36085      6
34017 36005   1094
34017 36047   1568
34017 36061   4072
34017 36081   1689
34017 36085    618
34019 36005     17
34019 36047     49
34019 36061    135
34019 36081     91
34021 36005     41
34021 36047    418
34021 36061   1541
34021 36081    109
34021 36085     46
34023 36005    357
34023 36047    926
34023 36061   2252
34023 36081   1037
34023 36085    552
34025 36005    287
34025 36047    755
34025 36061   1685
34025 36081    419
34025 36085    426
34027 36005    134
34027 36047    304
34027 36061   1763
34027 36081    342
34027 36085     70
34029 36005    905
34029 36047    651
34029 36061    494
34029 36081    228
34029 36085    413
34031 36005    302
34031 36047    500
34031 36061    811
34031 36081    371
34031 36085    126
34033 36061     35
34035 36005     14
34035 36047    146
34035 36061   1236
34035 36081    257
34035 36085     80
34037 36005    436
34037 36047     53
34037 36061    164
34037 36081    146
34037 36085     12
34039 36005    493
34039 36047    375
34039 36061   1249
34039 36081    471
34039 36085    321
34041 36061     79
34041 36081      4
34041 36085     15
35001 36047    148
35001 36061    401
35001 36081    150
35001 36085     35
35005 36081     28
35013 36047      8
35013 36061     22
35013 36081     45
35013 36085     50
35027 36047     11
35028 36047      3
35028 36061     18
35029 36061     14
35031 36005     29
35041 36047     30
35043 36005     19
35043 36047      5
35043 36061      8
35045 36061     38
35049 36005      5
35049 36047     43
35049 36061    137
35049 36081     63
35055 36047      8
35055 36061     17
36001 36005    667
36001 36047   1030
36001 36061   1054
36001 36081    839
36001 36085     95
36003 36005   4508
36003 36047     95
36003 36061    170
36003 36081     67
36005 01005      7
36005 01019      2
36005 01023      6
36005 01039      7
36005 01045     17
36005 01047     30
36005 01051     10
36005 01055     27
36005 01073    108
36005 01077     11
36005 01087      6
36005 01089     73
36005 01093     12
36005 01095      9
36005 01097     31
36005 01101     45
36005 01103     17
36005 01109     14
36005 02020     70
36005 02090     29
36005 02122     19
36005 02130      8
36005 02170      6
36005 04001      3
36005 04003     22
36005 04013    576
36005 04017      5
36005 04019    232
36005 04023      9
36005 05007      9
36005 05083      6
36005 05119     27
36005 05131      3
36005 05143      1
36005 05149     53
36005 06001    188
36005 06007     30
36005 06013    185
36005 06019     11
36005 06025     40
36005 06031      9
36005 06037   1084
36005 06041      6
36005 06053     15
36005 06055     24
36005 06059    318
36005 06065    111
36005 06067     58
36005 06071    437
36005 06073    410
36005 06075     81
36005 06077     77
36005 06079      9
36005 06081     66
36005 06083      7
36005 06085    122
36005 06095     30
36005 06097     50
36005 06099     43
36005 06107     73
36005 06109      4
36005 06111     47
36005 08001     19
36005 08005    129
36005 08013      8
36005 08031    178
36005 08035     39
36005 08041     83
36005 08043      6
36005 08059     26
36005 08069     47
36005 09001   2284
36005 09003   1198
36005 09005    265
36005 09007     57
36005 09009   1670
36005 09011    426
36005 09013     68
36005 09015     36
36005 10001    213
36005 10003    441
36005 11001    408
36005 12001     86
36005 12005     88
36005 12009    448
36005 12011   4016
36005 12015    210
36005 12017     92
36005 12019     45
36005 12021    330
36005 12023      9
36005 12031    698
36005 12033     98
36005 12035    149
36005 12037     27
36005 12039    133
36005 12049      4
36005 12053    183
36005 12055    143
36005 12057   2143
36005 12059      7
36005 12061     33
36005 12063      9
36005 12069     85
36005 12071    678
36005 12073    179
36005 12081     58
36005 12083    525
36005 12085    244
36005 12086   3749
36005 12087     37
36005 12091     40
36005 12095   3545
36005 12097   1606
36005 12099   1863
36005 12101    210
36005 12103    565
36005 12105    453
36005 12107     13
36005 12109    101
36005 12111    209
36005 12113     67
36005 12115    143
36005 12117    333
36005 12119      7
36005 12127    731
36005 13009     12
36005 13017     21
36005 13021    116
36005 13023     12
36005 13025      2
36005 13029      6
36005 13039     29
36005 13051    114
36005 13053     16
36005 13057      4
36005 13059     37
36005 13061      2
36005 13063    245
36005 13067    884
36005 13073      9
36005 13075      9
36005 13077     41
36005 13089   1801
36005 13095     36
36005 13099     28
36005 13109      6
36005 13113      4
36005 13117      8
36005 13121    906
36005 13123     12
36005 13127     58
36005 13135    575
36005 13139     62
36005 13151     35
36005 13155      7
36005 13157      4
36005 13163      6
36005 13173     11
36005 13175      8
36005 13179     65
36005 13183     36
36005 13189     27
36005 13195     11
36005 13215     87
36005 13217     45
36005 13219      6
36005 13233     54
36005 13243     22
36005 13245    261
36005 13247    100
36005 13251     18
36005 13261      3
36005 13267     10
36005 13269      1
36005 13273      9
36005 13277     10
36005 13285      7
36005 13289     10
36005 13301     14
36005 13303     17
36005 13313      9
36005 15003    150
36005 15009      9
36005 17001      7
36005 17019      7
36005 17031    566
36005 17043     41
36005 17055      9
36005 17091      2
36005 17097    100
36005 17099     38
36005 17115      8
36005 17119      8
36005 17121      4
36005 17161      8
36005 18003     48
36005 18005     16
36005 18039     27
36005 18045      5
36005 18067     33
36005 18087      2
36005 18089     21
36005 18097    233
36005 18105      6
36005 18113     15
36005 18127     10
36005 18141     38
36005 18157      7
36005 18163     12
36005 18167     10
36005 18173      8
36005 18177     26
36005 19049      7
36005 19103      4
36005 19127     15
36005 19153      9
36005 19163      5
36005 19191      7
36005 19193     11
36005 20045     13
36005 20061     13
36005 20173      9
36005 20177     13
36005 20179      7
36005 20209      3
36005 21023      5
36005 21047     23
36005 21051      9
36005 21067     18
36005 21071      7
36005 21093     30
36005 21095      6
36005 21111     62
36005 21113      5
36005 21125     24
36005 21161      8
36005 21225     12
36005 21239      8
36005 22017     16
36005 22019      9
36005 22033     69
36005 22051    286
36005 22061      7
36005 22071    123
36005 22103     35
36005 22115     20
36005 23001     29
36005 23003     10
36005 23005     58
36005 23009     23
36005 23011      7
36005 23023     18
36005 23029     23
36005 23031     25
36005 24003    171
36005 24005    498
36005 24009     27
36005 24015     36
36005 24017     20
36005 24019     11
36005 24021     75
36005 24025    179
36005 24027    145
36005 24029     11
36005 24031    521
36005 24033   1080
36005 24039      7
36005 24043      6
36005 24045     32
36005 24047     27
36005 24510    617
36005 25001     88
36005 25003     60
36005 25005    161
36005 25009   1332
36005 25011     12
36005 25013    391
36005 25015     43
36005 25017    898
36005 25021    195
36005 25023     75
36005 25025    807
36005 25027    635
36005 26021     23
36005 26047      6
36005 26049     21
36005 26065     36
36005 26073      2
36005 26077     34
36005 26081    107
36005 26093      2
36005 26099    121
36005 26115      7
36005 26125    207
36005 26135      1
36005 26139     16
36005 26143      9
36005 26147      9
36005 26161     28
36005 26163    272
36005 27037     42
36005 27049      4
36005 27053    261
36005 27067      2
36005 27123     91
36005 27137      7
36005 27139     10
36005 28027      2
36005 28033     13
36005 28047     58
36005 28049     17
36005 28059      7
36005 28075      6
36005 28087     14
36005 28109     15
36005 28113      4
36005 28133      7
36005 28149     18
36005 28151     10
36005 28161      1
36005 29019      8
36005 29077      9
36005 29095    118
36005 29109     10
36005 29135      1
36005 29169     23
36005 29189     50
36005 30029      8
36005 30041      4
36005 30063      8
36005 31025      1
36005 31037     34
36005 31055     59
36005 31077      2
36005 31079      4
36005 32003    662
36005 32031     16
36005 33001      7
36005 33005     28
36005 33009     37
36005 33011    302
36005 33013     52
36005 33015     30
36005 33017      8
36005 33019     12
36005 34001    342
36005 34003   4767
36005 34005    399
36005 34007    259
36005 34009     57
36005 34011     97
36005 34013   1737
36005 34017   3229
36005 34019     44
36005 34021    308
36005 34023   1393
36005 34025    735
36005 34027    354
36005 34029    312
36005 34031   1249
36005 34033      2
36005 34035    353
36005 34037     58
36005 34039   1230
36005 34041     48
36005 35001     43
36005 35013     15
36005 35035      8
36005 35049     10
36005 35051      6
36005 36001   1068
36005 36003     18
36005 36007    781
36005 36009     39
36005 36011     20
36005 36013     17
36005 36015     13
36005 36017      6
36005 36019     88
36005 36021    162
36005 36023     39
36005 36025     54
36005 36027   3107
36005 36029    371
36005 36033     54
36005 36039     89
36005 36043      4
36005 36045    124
36005 36047  11419
36005 36049      7
36005 36051     51
36005 36053     92
36005 36055    732
36005 36057    101
36005 36059   3436
36005 36061  26755
36005 36063     80
36005 36065    282
36005 36067    443
36005 36069     67
36005 36071   4631
36005 36073     12
36005 36075     91
36005 36077    161
36005 36079   2433
36005 36081  15887
36005 36083    282
36005 36085   2243
36005 36087   4121
36005 36089     84
36005 36091     69
36005 36093    583
36005 36095     39
36005 36097     47
36005 36099      7
36005 36101     14
36005 36103   3928
36005 36105    741
36005 36107      9
36005 36109    284
36005 36111    786
36005 36113     20
36005 36115     12
36005 36119  25065
36005 36123     11
36005 37001      9
36005 37007      4
36005 37015     71
36005 37017      7
36005 37019     37
36005 37021     44
36005 37027     33
36005 37031      9
36005 37033     14
36005 37035     88
36005 37037      8
36005 37047     33
36005 37049     92
36005 37051    336
36005 37057     76
36005 37059      4
36005 37061     45
36005 37063    365
36005 37065     55
36005 37067     84
36005 37069     11
36005 37071    101
36005 37077     49
36005 37079     22
36005 37081    413
36005 37083    122
36005 37085     39
36005 37089     75
36005 37091      3
36005 37093     39
36005 37097     17
36005 37101    110
36005 37105     30
36005 37107     37
36005 37117     40
36005 37119    830
36005 37125     18
36005 37127     57
36005 37129    104
36005 37131     42
36005 37133    187
36005 37135      9
36005 37137      5
36005 37139      5
36005 37141     25
36005 37143     11
36005 37145     53
36005 37147     82
36005 37153     41
36005 37155     54
36005 37159     15
36005 37163     16
36005 37165     38
36005 37167     14
36005 37179     26
36005 37181    109
36005 37183    685
36005 37185     15
36005 37187     12
36005 37191     22
36005 37195     66
36005 38035      7
36005 38101      8
36005 39003      9
36005 39007     15
36005 39009      8
36005 39017     17
36005 39029     28
36005 39035    312
36005 39041      7
36005 39045      7
36005 39047      6
36005 39049    355
36005 39051      9
36005 39059     13
36005 39061    105
36005 39077      5
36005 39089     12
36005 39093     67
36005 39095     16
36005 39099    115
36005 39109      9
36005 39113     71
36005 39119     26
36005 39129      8
36005 39133     18
36005 39137      6
36005 39151     33
36005 39153     28
36005 39155     28
36005 39169     18
36005 40017      3
36005 40031    161
36005 40047      7
36005 40109     80
36005 40113      6
36005 40143     60
36005 40147     16
36005 41007      3
36005 41035      7
36005 41047     14
36005 41051     35
36005 41067     17
36005 42001     32
36005 42003     83
36005 42011    493
36005 42013     12
36005 42017    101
36005 42019    139
36005 42021     26
36005 42025     96
36005 42027     26
36005 42029    244
36005 42037      7
36005 42039     93
36005 42041     42
36005 42043    203
36005 42045    182
36005 42049     35
36005 42055     59
36005 42063      2
36005 42069    287
36005 42071    466
36005 42075     26
36005 42077   1255
36005 42079     45
36005 42081     29
36005 42083     30
36005 42089   1847
36005 42091    419
36005 42093      3
36005 42095    348
36005 42097     71
36005 42099      3
36005 42101   1586
36005 42103    232
36005 42107     26
36005 42109      4
36005 42115      8
36005 42117     22
36005 42119     24
36005 42127     59
36005 42129     23
36005 42133    199
36005 44001     16
36005 44003     97
36005 44005     49
36005 44007   1885
36005 44009     42
36005 45005     11
36005 45007     52
36005 45011     10
36005 45013    126
36005 45015    196
36005 45017     48
36005 45019    515
36005 45021     12
36005 45025     29
36005 45027     86
36005 45029     64
36005 45031     42
36005 45033      4
36005 45035     38
36005 45041     63
36005 45043    187
36005 45045    191
36005 45047     23
36005 45049      7
36005 45051     56
36005 45053     20
36005 45055     86
36005 45061     13
36005 45063    130
36005 45067     39
36005 45071     31
36005 45075    328
36005 45077     15
36005 45079    310
36005 45081      5
36005 45083     33
36005 45085    246
36005 45087     26
36005 45089     17
36005 45091     61
36005 46051     12
36005 46091      3
36005 47011      9
36005 47017     10
36005 47037    215
36005 47065     16
36005 47085      7
36005 47087      2
36005 47093     27
36005 47113     12
36005 47125    110
36005 47141     40
36005 47145     45
36005 47149     25
36005 47157     76
36005 47165     22
36005 47179     12
36005 48027    143
36005 48029     97
36005 48039     23
36005 48041     16
36005 48053      1
36005 48061     15
36005 48085     96
36005 48099     60
36005 48113    208
36005 48121     27
36005 48139      4
36005 48141     33
36005 48157      6
36005 48167     13
36005 48187     24
36005 48201    615
36005 48215     64
36005 48217     16
36005 48315      6
36005 48339      9
36005 48347     36
36005 48355     27
36005 48363      6
36005 48375     16
36005 48409     19
36005 48439    262
36005 48441     45
36005 48451      7
36005 48453    166
36005 48485      7
36005 48491     30
36005 48503     18
36005 49005      1
36005 49011     18
36005 49035     23
36005 49037      4
36005 49049     16
36005 49057     94
36005 50001     14
36005 50003     26
36005 50005      2
36005 50007     91
36005 50009      9
36005 50011      2
36005 50015     11
36005 50017      5
36005 50019      6
36005 50021      5
36005 50023     21
36005 50025      2
36005 50027     17
36005 51001     12
36005 51003     33
36005 51013    294
36005 51015      6
36005 51019     15
36005 51025     31
36005 51029      5
36005 51031     23
36005 51041    238
36005 51047     38
36005 51053    139
36005 51059    356
36005 51061      4
36005 51065      9
36005 51069     16
36005 51081      9
36005 51083     18
36005 51085      9
36005 51087    681
36005 51089      4
36005 51093     11
36005 51095     27
36005 51099      9
36005 51107      4
36005 51109      4
36005 51111     17
36005 51117     67
36005 51125     21
36005 51127      5
36005 51131     17
36005 51143     27
36005 51145     14
36005 51149     39
36005 51153    341
36005 51159      6
36005 51161    113
36005 51163     20
36005 51165     12
36005 51175      8
36005 51177     34
36005 51179     31
36005 51181      3
36005 51183      6
36005 51191     19
36005 51195      6
36005 51550    694
36005 51650    374
36005 51700    252
36005 51800     27
36005 51810    730
36005 53011     38
36005 53015      8
36005 53029     16
36005 53033    321
36005 53035     13
36005 53039      5
36005 53047     13
36005 53053     68
36005 53061     11
36005 53077      8
36005 54005     12
36005 54011     37
36005 54033      7
36005 54039     15
36005 54047      1
36005 54069      9
36005 54081     16
36005 55009      9
36005 55019      3
36005 55021      4
36005 55025    181
36005 55027      5
36005 55055      2
36005 55077     10
36005 55079    179
36005 55083      2
36005 55087     14
36005 55117      9
36005 56021     16
36007 36005    224
36007 36047    716
36007 36061    963
36007 36081    872
36007 36085     91
36009 36005     90
36009 36047     63
36009 36061    121
36009 36081     17
36009 36085     19
36011 36005     57
36011 36047     61
36011 36061     36
36011 36081     78
36011 36085      8
36013 36005    160
36013 36047    240
36013 36061    132
36013 36081    174
36015 36005     34
36015 36047     44
36015 36061     74
36015 36081     81
36017 36005     37
36017 36047    104
36017 36061     44
36017 36081     49
36017 36085      7
36019 36005    106
36019 36047     92
36019 36061     74
36019 36081    168
36019 36085     12
36021 36005   1543
36021 36047     68
36021 36061    110
36021 36081     58
36021 36085     34
36023 36005     23
36023 36047     13
36023 36061      7
36023 36081     31
36025 36005     78
36025 36047    149
36025 36061    104
36025 36081     62
36025 36085      8
36027 36005    554
36027 36047    897
36027 36061   1134
36027 36081    814
36027 36085    313
36029 36005    871
36029 36047    904
36029 36061   1451
36029 36081    800
36029 36085     71
36031 36047     76
36031 36061     64
36031 36081     16
36031 36085     11
36033 36005     63
36033 36047     15
36033 36061     24
36033 36081     30
36033 36085     38
36035 36005     14
36035 36047     83
36035 36061     13
36035 36081     67
36035 36085      6
36037 36005    125
36037 36047     41
36037 36061     34
36037 36081     60
36039 36005    115
36039 36047     93
36039 36061    119
36039 36081    127
36039 36085      8
36041 36061      9
36041 36085      4
36043 36005    122
36043 36047    606
36043 36061    188
36043 36081    455
36043 36085      6
36045 36005    239
36045 36047    358
36045 36061    342
36045 36081    103
36045 36085     28
36047 01003     39
36047 01005      4
36047 01015     91
36047 01017     70
36047 01031      5
36047 01035     18
36047 01045     17
36047 01051      6
36047 01053     23
36047 01069     35
36047 01073    217
36047 01081     16
36047 01087     14
36047 01089    154
36047 01097     68
36047 01101    125
36047 01103     16
36047 01107     11
36047 01113      9
36047 01117     10
36047 01121      8
36047 01123      8
36047 01125     51
36047 01131     17
36047 02020    107
36047 02060      5
36047 02090      6
36047 02282      2
36047 04003     67
36047 04005     49
36047 04009     16
36047 04013   1427
36047 04019    358
36047 04021     34
36047 04025     16
36047 04027     39
36047 05005     11
36047 05007      5
36047 05033     14
36047 05045      5
36047 05047     13
36047 05063     17
36047 05065      4
36047 05067      1
36047 05069     18
36047 05085     28
36047 05093      5
36047 05105      2
36047 05111      7
36047 05115      6
36047 05117      9
36047 05119     65
36047 05123     16
36047 05131      5
36047 05139      5
36047 05143     20
36047 06001    686
36047 06007     19
36047 06013    392
36047 06019    193
36047 06023     15
36047 06029     27
36047 06031     23
36047 06037   3822
36047 06039     14
36047 06041    171
36047 06043     15
36047 06045      7
36047 06047     12
36047 06053     46
36047 06055      8
36047 06059    469
36047 06065    443
36047 06067    196
36047 06069      1
36047 06071    265
36047 06073   1046
36047 06075    961
36047 06077     26
36047 06081    262
36047 06083     49
36047 06085    500
36047 06087     58
36047 06089      4
36047 06095     34
36047 06097      6
36047 06107     19
36047 06111    122
36047 06113     31
36047 08001    107
36047 08005    532
36047 08013    201
36047 08031    363
36047 08035     66
36047 08037     19
36047 08041    277
36047 08043      5
36047 08045      7
36047 08051     13
36047 08059    112
36047 08067     25
36047 08069     57
36047 08087      3
36047 08089     43
36047 08093      3
36047 08097     19
36047 08107     29
36047 08117     11
36047 08119      6
36047 08123     23
36047 09001   2803
36047 09003   1487
36047 09005    158
36047 09007    276
36047 09009   1625
36047 09011    651
36047 09013     50
36047 09015     37
36047 10001    287
36047 10003    965
36047 10005    138
36047 11001    873
36047 12001     53
36047 12005     20
36047 12007     49
36047 12009   1020
36047 12011   9053
36047 12015    211
36047 12017    323
36047 12019    153
36047 12021    269
36047 12023     19
36047 12029      1
36047 12031    778
36047 12033     86
36047 12035    478
36047 12037      7
36047 12047      5
36047 12051     22
36047 12053    380
36047 12055    234
36047 12057   2033
36047 12059      3
36047 12061    100
36047 12063     28
36047 12065      8
36047 12067      3
36047 12069    226
36047 12071    763
36047 12073    209
36047 12075      3
36047 12081    139
36047 12083    499
36047 12085     85
36047 12086   5340
36047 12087    120
36047 12089     23
36047 12091     49
36047 12093     79
36047 12095   4187
36047 12097   1365
36047 12099   4946
36047 12101    735
36047 12103   1421
36047 12105    598
36047 12107    164
36047 12109     88
36047 12111    619
36047 12113     35
36047 12115    283
36047 12117    894
36047 12119     10
36047 12121     16
36047 12127    630
36047 13009     37
36047 13021     79
36047 13029      5
36047 13031     64
36047 13037      6
36047 13039     31
36047 13045      9
36047 13049      4
36047 13051    485
36047 13053     74
36047 13057     68
36047 13059    214
36047 13063    696
36047 13067   1236
36047 13069     10
36047 13071     43
36047 13073     62
36047 13077     51
36047 13085      7
36047 13087     10
36047 13089   3029
36047 13097     74
36047 13099      2
36047 13103      2
36047 13107     53
36047 13109      9
36047 13113    119
36047 13115      6
36047 13121   1199
36047 13123      4
36047 13127     36
36047 13129     40
36047 13133      5
36047 13135    821
36047 13137      7
36047 13139     30
36047 13151     38
36047 13153     24
36047 13163     21
36047 13167      8
36047 13175     16
36047 13177     14
36047 13179    129
36047 13181     21
36047 13183     30
36047 13185     48
36047 13187      9
36047 13193      2
36047 13197     12
36047 13205     10
36047 13211      7
36047 13215    200
36047 13217     25
36047 13219     36
36047 13225     14
36047 13237     12
36047 13239     24
36047 13243     43
36047 13245    328
36047 13247     28
36047 13249      2
36047 13251     15
36047 13253      9
36047 13255      7
36047 13259      7
36047 13263      2
36047 13273      7
36047 13275     16
36047 13285     27
36047 13289     39
36047 13297     10
36047 13299     12
36047 13301      2
36047 13303      1
36047 13311     14
36047 13313     20
36047 13317     11
36047 15001      3
36047 15003    386
36047 15009      6
36047 16001     29
36047 16005      8
36047 16013      7
36047 16039     17
36047 16053      5
36047 17009      4
36047 17011      4
36047 17019     18
36047 17031   2044
36047 17037      8
36047 17043    211
36047 17055      5
36047 17077     10
36047 17089     24
36047 17097    318
36047 17099      8
36047 17105      3
36047 17109      6
36047 17111     16
36047 17113     25
36047 17121      3
36047 17143      4
36047 17163      7
36047 17167     39
36047 17197     37
36047 17201      6
36047 17203     27
36047 18003     20
36047 18019     21
36047 18029     11
36047 18031      1
36047 18035      8
36047 18039     68
36047 18051     22
36047 18053     21
36047 18057     35
36047 18063     16
36047 18073     31
36047 18081     10
36047 18087      6
36047 18089     53
36047 18095      4
36047 18097    382
36047 18099     11
36047 18105     32
36047 18133     16
36047 18141     30
36047 18155     12
36047 18157     43
36047 18163      8
36047 18167     22
36047 18181      4
36047 18183     21
36047 19005     14
36047 19013      9
36047 19033      6
36047 19035     14
36047 19043      8
36047 19047      4
36047 19057      2
36047 19103     41
36047 19115      3
36047 19139      9
36047 19153     22
36047 19163     21
36047 19191      2
36047 19193     48
36047 20055     18
36047 20061     18
36047 20079      5
36047 20089      8
36047 20091     48
36047 20103      7
36047 20147      5
36047 20161     17
36047 20173      8
36047 20177      5
36047 20209      8
36047 21015     22
36047 21019     16
36047 21037      8
36047 21047    127
36047 21067     88
36047 21071      6
36047 21089     15
36047 21093     19
36047 21095      6
36047 21111    151
36047 21117     12
36047 21119      7
36047 21123      7
36047 21125     12
36047 21141      9
36047 21179      7
36047 21187      4
36047 21205      5
36047 21225      9
36047 21227     30
36047 22009     14
36047 22013      2
36047 22015     10
36047 22017      7
36047 22019     18
36047 22029      1
36047 22033     38
36047 22051    169
36047 22055     12
36047 22057      7
36047 22061     21
36047 22063      2
36047 22069      5
36047 22071    161
36047 22073      7
36047 22079     28
36047 22083      2
36047 22087     74
36047 22089      8
36047 22095      5
36047 22097      4
36047 22101     23
36047 22103     34
36047 22105      7
36047 22109     12
36047 22115    102
36047 22117      6
36047 23001     46
36047 23003      8
36047 23005    231
36047 23007      2
36047 23009     44
36047 23011     18
36047 23013     15
36047 23015      9
36047 23017      1
36047 23019     24
36047 23023      7
36047 23027      6
36047 23029     12
36047 23031     69
36047 24001      7
36047 24003    395
36047 24005   1030
36047 24009     13
36047 24011      6
36047 24013     23
36047 24015     12
36047 24019     13
36047 24021     74
36047 24025    174
36047 24027    260
36047 24029      6
36047 24031   1168
36047 24033   1363
36047 24037     16
36047 24039     50
36047 24041      2
36047 24043     17
36047 24045     92
36047 24047      9
36047 24510   1165
36047 25001    315
36047 25003     87
36047 25005     95
36047 25007      3
36047 25009    757
36047 25011     39
36047 25013    811
36047 25015    206
36047 25017   1621
36047 25019      6
36047 25021    450
36047 25023    243
36047 25025   1789
36047 25027    933
36047 26005     26
36047 26009      2
36047 26021     21
36047 26023      6
36047 26025     14
36047 26045      8
36047 26049     64
36047 26055     65
36047 26065     76
36047 26069      2
36047 26071      2
36047 26077     19
36047 26081    307
36047 26093      7
36047 26099     73
36047 26111      5
36047 26113      2
36047 26115     26
36047 26125    277
36047 26139      8
36047 26145     21
36047 26147      5
36047 26149      5
36047 26155     15
36047 26159      8
36047 26161    191
36047 26163    408
36047 27019      8
36047 27027      5
36047 27037     84
36047 27047      6
36047 27053    808
36047 27083      2
36047 27109     60
36047 27115      4
36047 27119      1
36047 27123    289
36047 27131     15
36047 27137     20
36047 27163     50
36047 28005     12
36047 28007     17
36047 28011      2
36047 28035     28
36047 28041      3
36047 28043     20
36047 28045     15
36047 28047     51
36047 28049     43
36047 28059     16
36047 28067      4
36047 28069     14
36047 28071     15
36047 28073      4
36047 28075     51
36047 28083     18
36047 28093     10
36047 28103      6
36047 28105      6
36047 28111      3
36047 28113     32
36047 28115     14
36047 28121     31
36047 28123      3
36047 29019      7
36047 29027     19
36047 29031      7
36047 29039      7
36047 29047     36
36047 29051      7
36047 29065      6
36047 29069      7
36047 29077     29
36047 29095    229
36047 29101      7
36047 29111      6
36047 29121      8
36047 29145      7
36047 29155      4
36047 29165     39
36047 29169     41
36047 29171      4
36047 29181      4
36047 29185      7
36047 29187     14
36047 29189    208
36047 29201     26
36047 29215      3
36047 29217      2
36047 29510     50
36047 30013     14
36047 30031     14
36047 30049      5
36047 30057      3
36047 30063      4
36047 30067     14
36047 31001     11
36047 31031      3
36047 31055    144
36047 31079      8
36047 31109     24
36047 31153     42
36047 31177      5
36047 32003   1782
36047 32005     20
36047 32017     10
36047 32019      3
36047 32031     36
36047 33001     15
36047 33003      6
36047 33005      5
36047 33009     18
36047 33011    520
36047 33015     27
36047 33017     28
36047 33019      2
36047 34001    603
36047 34003   5445
36047 34005    784
36047 34007    744
36047 34009     41
36047 34011    220
36047 34013   5488
36047 34015    135
36047 34017   4497
36047 34019    147
36047 34021   1182
36047 34023   8262
36047 34025   7991
36047 34027   1669
36047 34029   3634
36047 34031   1469
36047 34035   1327
36047 34037    262
36047 34039   3174
36047 34041    118
36047 35001    164
36047 35003      2
36047 35013     35
36047 35017     15
36047 35031     18
36047 35035     14
36047 35039      7
36047 35043    148
36047 35049     54
36047 35061      9
36047 36001   1555
36047 36003     27
36047 36005  15579
36047 36007   1301
36047 36009     10
36047 36011     50
36047 36013     37
36047 36015     16
36047 36017     35
36047 36019     79
36047 36021    385
36047 36023     46
36047 36025    162
36047 36027   1091
36047 36029   1036
36047 36031     32
36047 36033     32
36047 36035     42
36047 36037     13
36047 36039    275
36047 36041      7
36047 36043     48
36047 36045    265
36047 36051    276
36047 36053    157
36047 36055   1208
36047 36057    126
36047 36059  19947
36047 36061  25072
36047 36063     84
36047 36065    668
36047 36067    784
36047 36069     25
36047 36071   3586
36047 36073     25
36047 36075    126
36047 36077    240
36047 36079    445
36047 36081  63603
36047 36083    441
36047 36085  34212
36047 36087   3195
36047 36089     98
36047 36091    286
36047 36093    619
36047 36095     94
36047 36097     37
36047 36099      1
36047 36101     45
36047 36103  12643
36047 36105   1181
36047 36107     33
36047 36109    526
36047 36111   1384
36047 36113     54
36047 36115     27
36047 36117     16
36047 36119   6113
36047 36121      2
36047 36123     21
36047 37001    209
36047 37007     32
36047 37013    111
36047 37015     23
36047 37017     38
36047 37019     17
36047 37021     90
36047 37023     21
36047 37025    104
36047 37027     30
36047 37031      6
36047 37035     59
36047 37037      6
36047 37041     35
36047 37045     10
36047 37047    101
36047 37049    207
36047 37051    777
36047 37053      2
36047 37055      9
36047 37057     61
36047 37061    104
36047 37063    412
36047 37065    109
36047 37067    373
36047 37069     48
36047 37071     56
36047 37073     24
36047 37077     20
36047 37079     16
36047 37081    728
36047 37083     95
36047 37085    106
36047 37089     13
36047 37091     76
36047 37093    100
36047 37097     45
36047 37101     42
36047 37103      6
36047 37105     11
36047 37107     49
36047 37109      4
36047 37111      1
36047 37117     88
36047 37119   1322
36047 37125     83
36047 37127     83
36047 37129    173
36047 37131     10
36047 37133    363
36047 37135    171
36047 37137     19
36047 37139     53
36047 37141    191
36047 37143     23
36047 37145     11
36047 37147    247
36047 37149     11
36047 37151     35
36047 37153     38
36047 37155    100
36047 37157     70
36047 37159     46
36047 37163    107
36047 37165    102
36047 37167     36
36047 37169     18
36047 37171     15
36047 37175      8
36047 37177     20
36047 37179    174
36047 37181     86
36047 37183   1219
36047 37185    111
36047 37187     29
36047 37189     30
36047 37191    242
36047 37195     72
36047 37197      4
36047 37199      4
36047 38015     30
36047 38017      6
36047 38035     13
36047 38057      7
36047 38059     11
36047 39017    111
36047 39025     28
36047 39029     19
36047 39035    867
36047 39041      7
36047 39043     13
36047 39045      7
36047 39049    605
36047 39057     61
36047 39061    325
36047 39065      5
36047 39075      5
36047 39077      6
36047 39081     22
36047 39083      3
36047 39085     49
36047 39089      5
36047 39091      3
36047 39093     20
36047 39095     17
36047 39099    166
36047 39113    151
36047 39119     45
36047 39121     28
36047 39127      2
36047 39133     56
36047 39141     31
36047 39147      4
36047 39151     16
36047 39153     58
36047 39155     27
36047 39157      3
36047 39165     25
36047 39167     12
36047 39169      4
36047 39173     33
36047 40013      8
36047 40027     80
36047 40031    144
36047 40055      9
36047 40065      6
36047 40071      6
36047 40077     13
36047 40079     15
36047 40087     17
36047 40101      9
36047 40109    112
36047 40135      3
36047 40139     20
36047 40143    156
36047 40147     14
36047 41003     19
36047 41005     34
36047 41007     17
36047 41009      2
36047 41031      3
36047 41039     97
36047 41041      6
36047 41043      3
36047 41047      8
36047 41049      1
36047 41051    259
36047 41055      2
36047 41067     26
36047 41071     19
36047 42001     42
36047 42003    355
36047 42009      3
36047 42011    576
36047 42013      7
36047 42015     13
36047 42017    599
36047 42019      2
36047 42021     10
36047 42025     40
36047 42027    117
36047 42029    270
36047 42031     36
36047 42033      3
36047 42035      2
36047 42037     71
36047 42039     20
36047 42041     62
36047 42043    318
36047 42045    391
36047 42049     47
36047 42051     43
36047 42063     12
36047 42065      7
36047 42067      9
36047 42069    367
36047 42071    504
36047 42073     35
36047 42075    272
36047 42077    882
36047 42079    352
36047 42081     54
36047 42083     31
36047 42085     49
36047 42089   2256
36047 42091    646
36047 42095    669
36047 42097     36
36047 42099      4
36047 42101   2885
36047 42103    606
36047 42107     55
36047 42109     37
36047 42113     11
36047 42115     16
36047 42117      2
36047 42119     21
36047 42121      2
36047 42125      9
36047 42127    174
36047 42129     76
36047 42131      6
36047 42133    234
36047 44001     74
36047 44003     55
36047 44005     68
36047 44007   1535
36047 44009     99
36047 45001     27
36047 45003     75
36047 45005      2
36047 45007     70
36047 45009    190
36047 45011     41
36047 45013    265
36047 45015    209
36047 45017     39
36047 45019    523
36047 45021     33
36047 45023     40
36047 45025     32
36047 45027     69
36047 45029    119
36047 45031    167
36047 45033     45
36047 45035    126
36047 45037     38
36047 45039     14
36047 45041    158
36047 45043     58
36047 45045    231
36047 45047      5
36047 45049     62
36047 45051    200
36047 45053     59
36047 45055     73
36047 45057     33
36047 45059     63
36047 45061     15
36047 45063    200
36047 45067     63
36047 45069    140
36047 45071     12
36047 45073     15
36047 45075    357
36047 45077     17
36047 45079    554
36047 45081     48
36047 45083    184
36047 45085    173
36047 45087      2
36047 45089    115
36047 45091     46
36047 46059      2
36047 46081      6
36047 46109      2
36047 47009     20
36047 47011     14
36047 47013     16
36047 47033      2
36047 47035     21
36047 47037    390
36047 47065     55
36047 47093    139
36047 47101      9
36047 47113     22
36047 47115     22
36047 47117      4
36047 47119     17
36047 47125    177
36047 47129      7
36047 47135      1
36047 47147      6
36047 47149     66
36047 47157    367
36047 47165     52
36047 47167     21
36047 47179     51
36047 47181      1
36047 47183     43
36047 47185      6
36047 47187     15
36047 48013      2
36047 48021     23
36047 48027    357
36047 48029    316
36047 48031      2
36047 48039     12
36047 48041     11
36047 48047     16
36047 48049      3
36047 48061     18
36047 48067      4
36047 48085    228
36047 48099    182
36047 48113    619
36047 48121     84
36047 48139     24
36047 48141     69
36047 48157    135
36047 48167     83
36047 48181      4
36047 48183     38
36047 48201   1324
36047 48209      8
36047 48215     34
36047 48243      3
36047 48245     37
36047 48251      6
36047 48255     18
36047 48271      3
36047 48309     39
36047 48313      7
36047 48323     35
36047 48337      6
36047 48339     62
36047 48341     35
36047 48355     46
36047 48363     13
36047 48375     61
36047 48381     12
36047 48387      4
36047 48397     16
36047 48409     14
36047 48423     47
36047 48439    356
36047 48441     18
36047 48451      7
36047 48453    293
36047 48465      7
36047 48469      7
36047 48479     15
36047 48485     82
36047 48491     83
36047 49001      2
36047 49025      5
36047 49035     91
36047 49045      1
36047 49049     43
36047 49051     24
36047 49053     12
36047 49057     22
36047 50001     47
36047 50003     84
36047 50005      1
36047 50007    209
36047 50013      4
36047 50015     11
36047 50017     24
36047 50019     14
36047 50021     22
36047 50023     53
36047 50025     32
36047 50027     27
36047 51001     10
36047 51003    124
36047 51007     14
36047 51009     16
36047 51013    301
36047 51015     24
36047 51021      9
36047 51023      4
36047 51025     18
36047 51031     66
36047 51033     12
36047 51037      2
36047 51041    327
36047 51043      4
36047 51047      5
36047 51049     13
36047 51053     79
36047 51059    966
36047 51065     51
36047 51067      6
36047 51081     10
36047 51083     14
36047 51087   1267
36047 51089     17
36047 51093     18
36047 51095     24
36047 51099     15
36047 51107    123
36047 51109      2
36047 51111     12
36047 51117     42
36047 51119      4
36047 51121     21
36047 51127      6
36047 51131      5
36047 51135     17
36047 51143    123
36047 51147     70
36047 51149    113
36047 51153    605
36047 51159      1
36047 51161    157
36047 51163     58
36047 51165     40
36047 51171      2
36047 51175     15
36047 51177     42
36047 51179      8
36047 51181      9
36047 51183     67
36047 51187     17
36047 51199     11
36047 51550   1287
36047 51570     63
36047 51650    599
36047 51700    389
36047 51800     58
36047 51810   1181
36047 53007      5
36047 53009      4
36047 53011     11
36047 53029     60
36047 53033    805
36047 53035     24
36047 53037      2
36047 53045      5
36047 53053    128
36047 53061    102
36047 53063     15
36047 53067      5
36047 53077    214
36047 54001      5
36047 54009      6
36047 54011     13
36047 54025     11
36047 54029     18
36047 54037      7
36047 54039     79
36047 54053     55
36047 54061      9
36047 54075      7
36047 54077     28
36047 54081     14
36047 54091      9
36047 55009     26
36047 55025     99
36047 55055      2
36047 55057      2
36047 55059      5
36047 55079    191
36047 55089      8
36047 55101     48
36047 55105     10
36047 55117      4
36047 55127     23
36047 55133      8
36047 56001      5
36047 56013      9
36047 56015      4
36047 56021      6
36049 36005     46
36049 36047     45
36049 36061    116
36049 36081     11
36051 36005     45
36051 36047    265
36051 36061    122
36051 36081     74
36051 36085     41
36053 36047    271
36053 36061    322
36053 36081    113
36053 36085      9
36055 36005    376
36055 36047   1035
36055 36061   1210
36055 36081    471
36055 36085    180
36057 36005     61
36057 36047     78
36057 36061    185
36057 36081    162
36057 36085     16
36059 36005   3057
36059 36047   4715
36059 36061  15668
36059 36081  19729
36059 36085    890
36061 01015     10
36061 01017     10
36061 01031     11
36061 01041      3
36061 01045      7
36061 01047     22
36061 01051      8
36061 01063      3
36061 01069     36
36061 01071      1
36061 01073    184
36061 01081     23
36061 01087     13
36061 01089     49
36061 01091     10
36061 01097     79
36061 01101     96
36061 01103      2
36061 01107      4
36061 01109      5
36061 01111      1
36061 01117     44
36061 01121      2
36061 01125     79
36061 01131      3
36061 02020    170
36061 02090      7
36061 02100      5
36061 02110     13
36061 02122     19
36061 02170     36
36061 02185      4
36061 02240     13
36061 02261     11
36061 04001     20
36061 04003     34
36061 04005     31
36061 04011      4
36061 04013   1222
36061 04015     17
36061 04019    478
36061 04021     73
36061 04025     86
36061 04027     10
36061 05007     10
36061 05009      9
36061 05031     32
36061 05033      7
36061 05043      6
36061 05045      7
36061 05065      3
36061 05075      4
36061 05103     39
36061 05119     84
36061 05129      2
36061 05143     20
36061 05149     12
36061 06001   1249
36061 06013    322
36061 06017     31
36061 06019     26
36061 06023     31
36061 06029     16
36061 06031     38
36061 06035      6
36061 06037  12965
36061 06039     19
36061 06041    806
36061 06045     25
36061 06047     20
36061 06053    184
36061 06055     48
36061 06057     11
36061 06059    775
36061 06061     25
36061 06065    320
36061 06067    275
36061 06071    168
36061 06073   1924
36061 06075   5612
36061 06077     50
36061 06079     65
36061 06081   1012
36061 06083    255
36061 06085   1522
36061 06087    106
36061 06089     22
36061 06091      8
36061 06095    108
36061 06097    146
36061 06099     11
36061 06107      2
36061 06109     63
36061 06111    157
36061 06113     34
36061 08001     25
36061 08005    216
36061 08013    336
36061 08015     12
36061 08019     53
36061 08027      5
36061 08029      2
36061 08031    706
36061 08035     30
36061 08037     56
36061 08041     77
36061 08043      2
36061 08045     15
36061 08051      6
36061 08059    218
36061 08061      4
36061 08067      6
36061 08069     76
36061 08077      4
36061 08083      4
36061 08097     53
36061 08099      4
36061 08101     11
36061 08107     25
36061 08109      9
36061 08113     16
36061 08117     17
36061 08119      8
36061 08121      2
36061 08123      9
36061 09001   7226
36061 09003   1119
36061 09005    633
36061 09007    344
36061 09009   2451
36061 09011    601
36061 09013    115
36061 09015    127
36061 10001     65
36061 10003    504
36061 10005     88
36061 11001   2178
36061 12001     52
36061 12005     47
36061 12007      9
36061 12009    154
36061 12011   3629
36061 12015     78
36061 12017     69
36061 12019     57
36061 12021    217
36061 12023      7
36061 12027     14
36061 12031    330
36061 12033     51
36061 12035     94
36061 12043     12
36061 12045     12
36061 12047    192
36061 12053     50
36061 12055    113
36061 12057   1393
36061 12061    180
36061 12063     25
36061 12069     50
36061 12071    174
36061 12073    171
36061 12075      4
36061 12081     62
36061 12083    191
36061 12085     82
36061 12086   6154
36061 12087    167
36061 12089     29
36061 12091     17
36061 12093     41
36061 12095   1388
36061 12097    760
36061 12099   2946
36061 12101    187
36061 12103    627
36061 12105    247
36061 12107    107
36061 12109    108
36061 12111     80
36061 12115    320
36061 12117    278
36061 12119      6
36061 12127    355
36061 13017     19
36061 13021     32
36061 13029     48
36061 13031     16
36061 13033      7
36061 13039     40
36061 13045      6
36061 13047     13
36061 13051    140
36061 13053      8
36061 13055      4
36061 13057     32
36061 13059     53
36061 13063    149
36061 13067    416
36061 13071      6
36061 13073      9
36061 13075     23
36061 13077     27
36061 13087     78
36061 13089   1113
36061 13093      5
36061 13095     31
36061 13097      9
36061 13103     26
36061 13113     39
36061 13115      8
36061 13117     15
36061 13121   1253
36061 13127     22
36061 13129     18
36061 13135    343
36061 13139     24
36061 13147     11
36061 13151      7
36061 13153     34
36061 13157     12
36061 13163      5
36061 13175     13
36061 13179     89
36061 13185     22
36061 13187      5
36061 13211      3
36061 13215    103
36061 13237     13
36061 13245     81
36061 13247     32
36061 13255      5
36061 13257      7
36061 13267     18
36061 13273     43
36061 13277     19
36061 13279      7
36061 13293     10
36061 13295      4
36061 13297      9
36061 13299      6
36061 13305     24
36061 15001      6
36061 15003    438
36061 15007      2
36061 15009     62
36061 16001     23
36061 16013     40
36061 16017     11
36061 16027     11
36061 16031      2
36061 16055      5
36061 16057     10
36061 16061      2
36061 16065     12
36061 16069      9
36061 17001      7
36061 17003     19
36061 17011      8
36061 17019     50
36061 17031   3638
36061 17037      6
36061 17043    322
36061 17073      7
36061 17077     17
36061 17083      7
36061 17089     45
36061 17095     26
36061 17097    231
36061 17111      7
36061 17113     18
36061 17119      6
36061 17123      3
36061 17141     10
36061 17143      7
36061 17161      6
36061 17163      4
36061 17167     34
36061 17183      2
36061 17185      4
36061 17187     12
36061 17197     19
36061 17201     37
36061 18003     94
36061 18011     31
36061 18021     20
36061 18049      8
36061 18057    113
36061 18063     54
36061 18069     17
36061 18073      5
36061 18081      5
36061 18089      7
36061 18091      6
36061 18095     10
36061 18097    290
36061 18103      6
36061 18105     69
36061 18109      4
36061 18127      7
36061 18133     19
36061 18141     23
36061 18163     14
36061 18167      9
36061 19033     19
36061 19043      2
36061 19057      6
36061 19061     14
36061 19063      8
36061 19101      5
36061 19103     69
36061 19111     11
36061 19113     32
36061 19117      2
36061 19127      8
36061 19131      7
36061 19139      6
36061 19153    119
36061 19163     35
36061 19167     14
36061 19183      7
36061 19185      4
36061 19193      3
36061 20023      4
36061 20037     18
36061 20045     31
36061 20053     22
36061 20055     36
36061 20057     43
36061 20059     28
36061 20091     83
36061 20105      1
36061 20155     14
36061 20161      9
36061 20173     25
36061 20177     24
36061 20209     17
36061 21009     24
36061 21017     10
36061 21025     17
36061 21035      5
36061 21037     11
36061 21047     13
36061 21067     96
36061 21071      6
36061 21083     10
36061 21101      7
36061 21107     16
36061 21111    244
36061 21113     11
36061 21117      5
36061 21141      8
36061 21145     40
36061 21151     16
36061 21185      2
36061 21227      9
36061 22015     10
36061 22017     22
36061 22019     35
36061 22033    127
36061 22051    150
36061 22053     11
36061 22055     21
36061 22057     15
36061 22061     14
36061 22065      1
36061 22067     36
36061 22071    486
36061 22079      9
36061 22097      9
36061 22101      6
36061 22103     30
36061 22105      2
36061 22115     30
36061 22119     10
36061 22125      2
36061 23001     67
36061 23003     12
36061 23005    279
36061 23009     54
36061 23011     66
36061 23013     29
36061 23015     12
36061 23017      2
36061 23019     34
36061 23023     26
36061 23027     17
36061 23029     47
36061 23031     91
36061 24001     51
36061 24003    364
36061 24005    661
36061 24011     25
36061 24013     39
36061 24017     67
36061 24019     12
36061 24021     42
36061 24025     60
36061 24027    183
36061 24031   1431
36061 24033    664
36061 24035     22
36061 24037     12
36061 24041     10
36061 24043      9
36061 24045     94
36061 24510    550
36061 25001    266
36061 25003    504
36061 25005    139
36061 25007     72
36061 25009   1046
36061 25011     82
36061 25013    374
36061 25015    311
36061 25017   3265
36061 25019     41
36061 25021   1320
36061 25023    107
36061 25025   2711
36061 25027    756
36061 26009      3
36061 26015     10
36061 26017      6
36061 26021      6
36061 26029     10
36061 26031      1
36061 26037     31
36061 26045      5
36061 26047      7
36061 26049     36
36061 26051      1
36061 26055     17
36061 26057     12
36061 26063      3
36061 26065     74
36061 26067      8
36061 26075     15
36061 26077     70
36061 26081    107
36061 26089      6
36061 26099    106
36061 26101      5
36061 26103     11
36061 26107      5
36061 26111     17
36061 26115      4
36061 26117      1
36061 26121     39
36061 26125    459
36061 26139     13
36061 26145     16
36061 26149      9
36061 26157      1
36061 26161    503
36061 26163    658
36061 27003     28
36061 27007     56
36061 27017      4
36061 27027      5
36061 27031      2
36061 27037     30
36061 27039      3
36061 27041      3
36061 27049      2
36061 27053    645
36061 27087      2
36061 27089      4
36061 27099      6
36061 27115      1
36061 27123    145
36061 27131    105
36061 27139     16
36061 27141     37
36061 27145     20
36061 27163     29
36061 27169      4
36061 28001     14
36061 28027      4
36061 28035     19
36061 28045      8
36061 28047     82
36061 28049     55
36061 28059     16
36061 28067      7
36061 28073      3
36061 28075      3
36061 28109     18
36061 28121     39
36061 28149     10
36061 28153      7
36061 29019     25
36061 29077     11
36061 29095    186
36061 29101      7
36061 29109      2
36061 29133      9
36061 29135      4
36061 29147      1
36061 29149     24
36061 29161      6
36061 29169     35
36061 29187     22
36061 29189    160
36061 29213     13
36061 29215      2
36061 29510    133
36061 30001      2
36061 30013     15
36061 30029     32
36061 30031     30
36061 30041     11
36061 30043      2
36061 30047     22
36061 30063     23
36061 30083      3
36061 30085      2
36061 30089      2
36061 30093      8
36061 30111      5
36061 31003      6
36061 31019     16
36061 31029      7
36061 31035      4
36061 31055     76
36061 31109     38
36061 31143      2
36061 31153     15
36061 31157     22
36061 31179      4
36061 32003   1109
36061 32021      7
36061 32031    148
36061 32510     11
36061 33003     32
36061 33005     27
36061 33009    228
36061 33011    227
36061 33013     82
36061 33015     70
36061 33017     26
36061 33019      2
36061 34001    435
36061 34003   9423
36061 34005    325
36061 34007    393
36061 34009    100
36061 34011    104
36061 34013   5383
36061 34015     98
36061 34017   8244
36061 34019    320
36061 34021   1346
36061 34023   2058
36061 34025   2006
36061 34027   1620
36061 34029    458
36061 34031   1468
36061 34033     34
36061 34035    793
36061 34037    176
36061 34039   2483
36061 34041     94
36061 35001    271
36061 35003      2
36061 35007     11
36061 35013     25
36061 35035      3
36061 35039      6
36061 35043     51
36061 35047     29
36061 35049    245
36061 35055     40
36061 35061     38
36061 36001   1157
36061 36003     21
36061 36005  41417
36061 36007    684
36061 36009     26
36061 36011     62
36061 36013     58
36061 36015     92
36061 36017     36
36061 36019    137
36061 36021    567
36061 36023     43
36061 36025    193
36061 36027   1262
36061 36029    723
36061 36031     11
36061 36033     17
36061 36035     51
36061 36037     16
36061 36039    169
36061 36041      2
36061 36043     17
36061 36045     68
36061 36047  31320
36061 36051      9
36061 36053     66
36061 36055    671
36061 36057     52
36061 36059   8396
36061 36063    260
36061 36065    245
36061 36067    616
36061 36069    116
36061 36071   1605
36061 36073     48
36061 36075     71
36061 36077    123
36061 36079    754
36061 36081  26258
36061 36083    196
36061 36085   2834
36061 36087   3005
36061 36089     62
36061 36091    286
36061 36093    219
36061 36095     49
36061 36097      6
36061 36099     11
36061 36101     32
36061 36103   5057
36061 36105    463
36061 36107     37
36061 36109    572
36061 36111   1205
36061 36113     38
36061 36115     16
36061 36117     73
36061 36119  18393
36061 36121    119
36061 36123     10
36061 37001      7
36061 37009      3
36061 37011      8
36061 37013     27
36061 37015     47
36061 37017     35
36061 37019     64
36061 37021    133
36061 37025     22
36061 37027     10
36061 37031      2
36061 37033     11
36061 37035      5
36061 37037     71
36061 37045     16
36061 37047     27
36061 37049     65
36061 37051    261
36061 37055      2
36061 37057      5
36061 37061      5
36061 37063    443
36061 37065     22
36061 37067    156
36061 37069      7
36061 37071     18
36061 37073      2
36061 37077     18
36061 37079     10
36061 37081    293
36061 37083     22
36061 37085    103
36061 37089     60
36061 37091     31
36061 37095     17
36061 37097     33
36061 37101     72
36061 37105      7
36061 37107     20
36061 37111     11
36061 37113      7
36061 37117      7
36061 37119    769
36061 37125    110
36061 37127     37
36061 37129    136
36061 37131     28
36061 37133    194
36061 37135    123
36061 37137     11
36061 37139     23
36061 37141     19
36061 37145     13
36061 37147    155
36061 37151     15
36061 37153     55
36061 37155     23
36061 37157     11
36061 37159     60
36061 37163      1
36061 37165     59
36061 37169     37
36061 37171     18
36061 37175     34
36061 37179     40
36061 37181     57
36061 37183    542
36061 37185     33
36061 37189      6
36061 37191    122
36061 37193     40
36061 37195     22
36061 37199     12
36061 38063      5
36061 38093      3
36061 38097      1
36061 39005      5
36061 39007      6
36061 39009     12
36061 39013      9
36061 39017    110
36061 39025      7
36061 39029     38
36061 39035    872
36061 39041     63
36061 39045     14
36061 39047      6
36061 39049    525
36061 39057     40
36061 39059      9
36061 39061    482
36061 39083      4
36061 39085     95
36061 39089      3
36061 39093     88
36061 39095     55
36061 39099     15
36061 39103     15
36061 39109      7
36061 39113     65
36061 39119      6
36061 39133      2
36061 39141      7
36061 39147      6
36061 39149      6
36061 39151     23
36061 39153     64
36061 39155      7
36061 39161     19
36061 39165     15
36061 39167      7
36061 39173     31
36061 40011      5
36061 40027      7
36061 40031      6
36061 40039      7
36061 40065      7
36061 40071      8
36061 40085      2
36061 40097      2
36061 40101     17
36061 40109     98
36061 40115      2
36061 40119      7
36061 40121     16
36061 40143     78
36061 40145      5
36061 41003     18
36061 41005     50
36061 41007      9
36061 41009     16
36061 41027     12
36061 41029     33
36061 41035     12
36061 41039     32
36061 41047     36
36061 41051    539
36061 41067     65
36061 42003    649
36061 42007     53
36061 42009      2
36061 42011    738
36061 42013     17
36061 42015     12
36061 42017    554
36061 42019     41
36061 42027    120
36061 42029    216
36061 42031      6
36061 42037      5
36061 42039      6
36061 42041     69
36061 42043    148
36061 42045    404
36061 42047     19
36061 42049     41
36061 42051     13
36061 42055     15
36061 42059      2
36061 42061      5
36061 42063      5
36061 42069    156
36061 42071    325
36061 42073      7
36061 42075     50
36061 42077    561
36061 42079    182
36061 42081      2
36061 42085     27
36061 42087      8
36061 42089    799
36061 42091    864
36061 42093     11
36061 42095    285
36061 42097    118
36061 42101   2779
36061 42103    216
36061 42105      2
36061 42107     30
36061 42115     20
36061 42117      7
36061 42119     21
36061 42123      1
36061 42125     19
36061 42127    180
36061 42129     19
36061 42131     15
36061 42133    152
36061 44001     37
36061 44003     53
36061 44005    133
36061 44007   1610
36061 44009    227
36061 45001     20
36061 45003     47
36061 45007     40
36061 45011     26
36061 45013    181
36061 45015    338
36061 45017      8
36061 45019    436
36061 45021      4
36061 45023     15
36061 45025      9
36061 45027    109
36061 45029      5
36061 45031     48
36061 45033      5
36061 45035    136
36061 45037      5
36061 45039     20
36061 45041    101
36061 45043     26
36061 45045    167
36061 45047      8
36061 45049     18
36061 45051    117
36061 45053     11
36061 45055     18
36061 45061      7
36061 45063     30
36061 45067     22
36061 45073     34
36061 45075    130
36061 45077     24
36061 45079    142
36061 45083     15
36061 45085     80
36061 45087      4
36061 45089     25
36061 45091     58
36061 46067      2
36061 46071      8
36061 46081      3
36061 46099     17
36061 46103     37
36061 46115      3
36061 46135     14
36061 47019      6
36061 47029     19
36061 47035      7
36061 47037    509
36061 47041      1
36061 47045      7
36061 47047      2
36061 47051     75
36061 47065     33
36061 47073      4
36061 47085      6
36061 47093     49
36061 47097     11
36061 47125     41
36061 47141     25
36061 47149     39
36061 47155     11
36061 47157    311
36061 47163     15
36061 47165     11
36061 47187     39
36061 47189     18
36061 48027    103
36061 48029    282
36061 48037      4
36061 48039     31
36061 48041     10
36061 48051      5
36061 48061     34
36061 48063     45
36061 48069      5
36061 48085    110
36061 48099     40
36061 48113    961
36061 48121    212
36061 48141     91
36061 48149     15
36061 48157     74
36061 48167      5
36061 48183      4
36061 48201   1442
36061 48203     50
36061 48209      7
36061 48215     66
36061 48221     10
36061 48231      5
36061 48241      7
36061 48245     16
36061 48259      7
36061 48291      6
36061 48303     14
36061 48321      8
36061 48325      9
36061 48329      6
36061 48331      4
36061 48339    106
36061 48341      9
36061 48343      4
36061 48355     33
36061 48357      5
36061 48367      7
36061 48375     23
36061 48377      2
36061 48381     11
36061 48383     15
36061 48401      5
36061 48423      8
36061 48425      2
36061 48439    360
36061 48441      5
36061 48453    589
36061 48465      7
36061 48467      7
36061 48471      9
36061 48485     36
36061 48491     37
36061 49003      8
36061 49005     15
36061 49011      6
36061 49013      2
36061 49021     45
36061 49025      4
36061 49035    325
36061 49043     25
36061 49045     12
36061 49049     57
36061 49051     12
36061 49053     16
36061 49057      9
36061 50001     58
36061 50003     50
36061 50005     15
36061 50007    187
36061 50011     25
36061 50013     15
36061 50015     36
36061 50017     23
36061 50019      5
36061 50021     25
36061 50023     48
36061 50025     76
36061 50027     83
36061 51001     24
36061 51003    394
36061 51005      9
36061 51007     18
36061 51013    905
36061 51015     15
36061 51023     22
36061 51025      2
36061 51031     62
36061 51041    168
36061 51047     14
36061 51049     20
36061 51053     46
36061 51057      3
36061 51059    910
36061 51061     42
36061 51063     49
36061 51069     26
36061 51073     21
36061 51075     12
36061 51077      2
36061 51079      1
36061 51083      8
36061 51085     27
36061 51087    807
36061 51093     16
36061 51095     74
36061 51105      7
36061 51107    123
36061 51109      5
36061 51111      5
36061 51121     19
36061 51125      6
36061 51137      2
36061 51139     12
36061 51141      3
36061 51143     13
36061 51149      8
36061 51153    317
36061 51159      5
36061 51161     51
36061 51163     45
36061 51165    117
36061 51167      6
36061 51173      8
36061 51175      3
36061 51177     27
36061 51179     13
36061 51181      2
36061 51187      9
36061 51191     14
36061 51193      4
36061 51199     46
36061 51550    898
36061 51570      4
36061 51650    166
36061 51700    176
36061 51800     70
36061 51810    530
36061 53001      5
36061 53005     10
36061 53011     21
36061 53015      6
36061 53021     15
36061 53025     20
36061 53029     17
36061 53031      6
36061 53033   2085
36061 53035     76
36061 53037      6
36061 53047      1
36061 53051      2
36061 53053    113
36061 53061     65
36061 53063     39
36061 53067     29
36061 53073     32
36061 53077     15
36061 54003     39
36061 54009      7
36061 54011      7
36061 54015      4
36061 54019      9
36061 54037      3
36061 54039     36
36061 54049      8
36061 54061     41
36061 54077     14
36061 54079      2
36061 54081     17
36061 54083     15
36061 54085      3
36061 54089      9
36061 54091     20
36061 54093      2
36061 55005      7
36061 55009      4
36061 55023      3
36061 55025    154
36061 55027      2
36061 55029      3
36061 55039     41
36061 55049      6
36061 55055     39
36061 55069     10
36061 55073      8
36061 55075     20
36061 55079    189
36061 55083      6
36061 55089     54
36061 55095      4
36061 55101     17
36061 55109     20
36061 55113      5
36061 55117     14
36061 55121      2
36061 55123      2
36061 55127      2
36061 55133     36
36061 55139      3
36061 56005     46
36061 56013      4
36061 56019     33
36061 56021     15
36061 56029      6
36061 56039     54
36061 56041      2
36063 36005     20
36063 36047     27
36063 36061    345
36063 36081     49
36063 36085     14
36065 36005    185
36065 36047    716
36065 36061    468
36065 36081    131
36065 36085     54
36067 36005    419
36067 36047    763
36067 36061   1364
36067 36081    369
36067 36085    198
36069 36005     93
36069 36047     97
36069 36061     77
36069 36081    143
36069 36085     42
36071 36005   1003
36071 36047    882
36071 36061    900
36071 36081    715
36071 36085    357
36073 36005    148
36073 36047    123
36073 36061     32
36073 36081     46
36075 36005    342
36075 36047    696
36075 36061    349
36075 36081    579
36075 36085     97
36077 36005    225
36077 36047    227
36077 36061    159
36077 36081    400
36077 36085      7
36079 36005    307
36079 36047    127
36079 36061    432
36079 36081    704
36079 36085      6
36081 01001      6
36081 01003     53
36081 01011     13
36081 01013      9
36081 01015     12
36081 01023      6
36081 01025     48
36081 01031      3
36081 01043     14
36081 01045     22
36081 01047     37
36081 01051      8
36081 01063     12
36081 01065      4
36081 01067      6
36081 01069     26
36081 01073    153
36081 01079      4
36081 01081     13
36081 01085     17
36081 01087      2
36081 01089     73
36081 01097    114
36081 01101     54
36081 01113     29
36081 01119     32
36081 01121     14
36081 01125     54
36081 01131      1
36081 02020    139
36081 02090     14
36081 02150     19
36081 02170     22
36081 02185      4
36081 02240     10
36081 02261      5
36081 02270      2
36081 04005      1
36081 04013   1987
36081 04015     36
36081 04019    344
36081 04021    104
36081 04025     34
36081 04027     12
36081 05001     20
36081 05005      2
36081 05007      9
36081 05039      4
36081 05045     46
36081 05051      7
36081 05059      3
36081 05093      1
36081 05119      4
36081 05131      3
36081 05143     12
36081 05147      5
36081 06001    762
36081 06007     15
36081 06013    348
36081 06017      5
36081 06019     63
36081 06027     35
36081 06029     61
36081 06031     36
36081 06033     16
36081 06035      7
36081 06037   3287
36081 06041     46
36081 06047     56
36081 06051      4
36081 06053     47
36081 06055     42
36081 06059    673
36081 06061     27
36081 06065    364
36081 06067     61
36081 06069     10
36081 06071    309
36081 06073   1139
36081 06075    391
36081 06077     47
36081 06081    187
36081 06083    170
36081 06085    414
36081 06087     76
36081 06095    140
36081 06097     78
36081 06099     45
36081 06101     50
36081 06107      5
36081 06111     91
36081 06113      5
36081 06115      7
36081 08001     62
36081 08005    387
36081 08013    162
36081 08029      5
36081 08031    210
36081 08035    100
36081 08037      3
36081 08041    171
36081 08059    225
36081 08067      4
36081 08069     36
36081 08077     12
36081 08081     10
36081 08101     36
36081 08103      7
36081 08123     11
36081 09001   3682
36081 09003   1001
36081 09005    179
36081 09007    132
36081 09009   1341
36081 09011    449
36081 09013     48
36081 09015     70
36081 10001    185
36081 10003    819
36081 10005     53
36081 11001    556
36081 12001    145
36081 12005     63
36081 12009    926
36081 12011  10460
36081 12015    318
36081 12017    249
36081 12019    210
36081 12021    323
36081 12023      9
36081 12031    697
36081 12033    126
36081 12035    247
36081 12039     14
36081 12051     40
36081 12053    548
36081 12055    265
36081 12057   1831
36081 12061    114
36081 12063      8
36081 12069    200
36081 12071    827
36081 12073    158
36081 12075     11
36081 12081    340
36081 12083    388
36081 12085    174
36081 12086   7467
36081 12087    118
36081 12091     29
36081 12095   4523
36081 12097   1411
36081 12099   5808
36081 12101    852
36081 12103   2098
36081 12105    408
36081 12107     77
36081 12109    188
36081 12111    612
36081 12113     36
36081 12115    414
36081 12117   1265
36081 12119     49
36081 12121     12
36081 12127    826
36081 12133      7
36081 13009     27
36081 13013     30
36081 13015      3
36081 13019      8
36081 13021     47
36081 13051    161
36081 13053     14
36081 13057    120
36081 13059     68
36081 13063    624
36081 13067   1174
36081 13069     20
36081 13071     11
36081 13077     27
36081 13089   1797
36081 13091     10
36081 13095    122
36081 13097     25
36081 13113     46
36081 13115     12
36081 13121   1300
36081 13127     14
36081 13129      7
36081 13131     18
36081 13135   1644
36081 13137     32
36081 13139     20
36081 13141      4
36081 13143     16
36081 13145     14
36081 13151     99
36081 13153     17
36081 13157      4
36081 13165      6
36081 13167      5
36081 13169     24
36081 13175     41
36081 13179    166
36081 13183     17
36081 13185    121
36081 13195      7
36081 13215    145
36081 13217    103
36081 13223     21
36081 13227      9
36081 13235     10
36081 13237      4
36081 13241      6
36081 13245    119
36081 13247     29
36081 13251      5
36081 13255      5
36081 13257     28
36081 13259     10
36081 13261     26
36081 13275     26
36081 13277     23
36081 13279     16
36081 13281      7
36081 13285      8
36081 13295      4
36081 13313     20
36081 13317      7
36081 15001     11
36081 15003    354
36081 15007     17
36081 15009     31
36081 16001      8
36081 16013     10
36081 16017      2
36081 16019     10
36081 16027     27
36081 16053      4
36081 16055      9
36081 16065      9
36081 17019     40
36081 17031   1338
36081 17043    375
36081 17077     10
36081 17089     78
36081 17091     13
36081 17097    138
36081 17111     28
36081 17113     27
36081 17133      9
36081 17157      8
36081 17161     15
36081 17163     14
36081 17177     21
36081 17197      7
36081 17201     24
36081 18003     11
36081 18011      6
36081 18015      5
36081 18019      5
36081 18037      9
36081 18045      3
36081 18047      6
36081 18057     10
36081 18067     54
36081 18085      5
36081 18087      5
36081 18089     17
36081 18097    333
36081 18099      6
36081 18105      8
36081 18127     14
36081 18141     42
36081 18145      7
36081 18151      8
36081 18157      9
36081 18177      6
36081 19021      7
36081 19043      5
36081 19049     36
36081 19061     14
36081 19063      4
36081 19103     71
36081 19111     29
36081 19113      5
36081 19153     31
36081 19155      9
36081 19157      1
36081 19169      6
36081 20045     45
36081 20051      8
36081 20061      6
36081 20085      8
36081 20091    175
36081 20103     11
36081 20111     19
36081 20119      2
36081 20129      4
36081 20161     38
36081 20173     89
36081 20177     35
36081 20187      2
36081 20197      5
36081 20209     96
36081 21015      8
36081 21037      9
36081 21047     25
36081 21067    138
36081 21109      3
36081 21111    202
36081 21113     12
36081 21117      6
36081 21133     14
36081 21151     10
36081 21163      6
36081 21185      3
36081 21199     10
36081 21213     10
36081 21227      8
36081 22005     18
36081 22015     74
36081 22017     40
36081 22019      6
36081 22033     74
36081 22047      7
36081 22051     44
36081 22071    225
36081 22073      8
36081 22079      2
36081 22103     16
36081 22105      6
36081 22109      9
36081 22115     29
36081 22119      4
36081 22121      4
36081 23001     14
36081 23003     34
36081 23005    155
36081 23009     20
36081 23011     15
36081 23013     29
36081 23015     11
36081 23017      3
36081 23019     15
36081 23021     31
36081 23029      7
36081 23031     79
36081 24003    308
36081 24005    845
36081 24009     31
36081 24011     24
36081 24015      6
36081 24017     34
36081 24019     11
36081 24021    130
36081 24025     98
36081 24027    228
36081 24029     18
36081 24031   1485
36081 24033   1403
36081 24037     36
36081 24039     30
36081 24041     17
36081 24043     98
36081 24045     38
36081 24047     11
36081 24510    379
36081 25001     93
36081 25003     82
36081 25005    358
36081 25007     12
36081 25009    866
36081 25011     11
36081 25013    293
36081 25015    147
36081 25017   1229
36081 25021    441
36081 25023    205
36081 25025   1238
36081 25027    570
36081 26021     45
36081 26033      1
36081 26035      9
36081 26045     30
36081 26049     24
36081 26051      5
36081 26055     12
36081 26065     48
36081 26067      7
36081 26075      8
36081 26077     17
36081 26081     77
36081 26087      6
36081 26099    182
36081 26111      7
36081 26117      4
36081 26121      4
36081 26123      5
36081 26125    177
36081 26139     22
36081 26141      6
36081 26145     17
36081 26147     15
36081 26159     15
36081 26161    221
36081 26163    708
36081 27003     85
36081 27013      7
36081 27023      2
36081 27037     71
36081 27047      5
36081 27053    880
36081 27061      2
36081 27065      3
36081 27067      3
36081 27075      4
36081 27107      5
36081 27109     16
36081 27123    118
36081 27137     22
36081 27139     64
36081 27145     45
36081 27165      6
36081 27169     21
36081 28003      8
36081 28011      9
36081 28015      1
36081 28023      8
36081 28025      8
36081 28027     24
36081 28047     39
36081 28049     46
36081 28061      6
36081 28067      5
36081 28075      9
36081 28081      9
36081 28083     13
36081 28085      6
36081 28089     15
36081 28115      1
36081 28121     34
36081 28123      3
36081 28159     23
36081 28163     23
36081 29021      3
36081 29037      3
36081 29051     28
36081 29063      7
36081 29077    112
36081 29091      2
36081 29095     36
36081 29099     14
36081 29133      8
36081 29141      8
36081 29163      2
36081 29165     21
36081 29167      5
36081 29169     37
36081 29183     70
36081 29186      4
36081 29187      3
36081 29189    233
36081 29209     13
36081 29215      4
36081 29510     71
36081 30001     15
36081 30031     23
36081 30049     20
36081 30063     11
36081 30067      2
36081 30093     31
36081 30111      1
36081 31055     52
36081 31109     30
36081 31153     19
36081 31183      2
36081 32001     12
36081 32003   1727
36081 32007     26
36081 32011      4
36081 32023      6
36081 32031     12
36081 33001      4
36081 33003     49
36081 33005     80
36081 33007      7
36081 33009     60
36081 33011    233
36081 33013     50
36081 33015     69
36081 33017     19
36081 33019      2
36081 34001    515
36081 34003   7967
36081 34005    691
36081 34007    515
36081 34009     24
36081 34011    126
36081 34013   3104
36081 34015     63
36081 34017   4482
36081 34019    139
36081 34021    764
36081 34023   4807
36081 34025   2742
36081 34027   1332
36081 34029   1190
36081 34031   1485
36081 34033     31
36081 34035   1097
36081 34037    420
36081 34039   1913
36081 34041    209
36081 35001    149
36081 35013      5
36081 35028      5
36081 35029      7
36081 35035      6
36081 35043     18
36081 35049     33
36081 35051      5
36081 35053     10
36081 35055      9
36081 36001   1350
36081 36003     29
36081 36005  14059
36081 36007   1108
36081 36009     22
36081 36013      9
36081 36015     25
36081 36017     52
36081 36019    144
36081 36021    368
36081 36023     43
36081 36025    350
36081 36027   1366
36081 36029   1288
36081 36031     38
36081 36033     25
36081 36035     45
36081 36039    322
36081 36041      4
36081 36043     45
36081 36045    121
36081 36047  31727
36081 36049     12
36081 36051    101
36081 36053     40
36081 36055    656
36081 36057     84
36081 36059  61802
36081 36061  20219
36081 36063    153
36081 36065    461
36081 36067    665
36081 36069     62
36081 36071   2692
36081 36073    335
36081 36075    112
36081 36077    225
36081 36079   1003
36081 36083    462
36081 36085   4592
36081 36087   3354
36081 36089     97
36081 36091    329
36081 36093    437
36081 36095    166
36081 36097      5
36081 36099     19
36081 36101     76
36081 36103  27988
36081 36105    909
36081 36107     56
36081 36109    526
36081 36111    975
36081 36113    149
36081 36115     51
36081 36117      1
36081 36119   7412
36081 36123     24
36081 37001    164
36081 37003      4
36081 37007      9
36081 37011     14
36081 37013     34
36081 37015     48
36081 37017     93
36081 37019     52
36081 37021     50
36081 37025     20
36081 37027     30
36081 37031     12
36081 37035     94
36081 37037      9
36081 37047     13
36081 37049     48
36081 37051    479
36081 37057     98
36081 37059      5
36081 37061    176
36081 37063    592
36081 37065     25
36081 37067    238
36081 37069     17
36081 37071     72
36081 37073      7
36081 37077     90
36081 37079      3
36081 37081    418
36081 37083     35
36081 37085     82
36081 37087     19
36081 37089    104
36081 37091     24
36081 37093     43
36081 37097     27
36081 37101     98
36081 37103      7
36081 37105     32
36081 37107     23
36081 37109      7
36081 37115     10
36081 37117     57
36081 37119   1287
36081 37123     40
36081 37125    149
36081 37127     91
36081 37129    166
36081 37131      7
36081 37133    286
36081 37135     30
36081 37137      7
36081 37139     28
36081 37141     64
36081 37143     23
36081 37145     24
36081 37147    159
36081 37151      4
36081 37153     11
36081 37155    123
36081 37157     22
36081 37159     27
36081 37161      4
36081 37163     13
36081 37165     83
36081 37167     40
36081 37171     14
36081 37175      9
36081 37177      2
36081 37179     80
36081 37181     33
36081 37183    986
36081 37185     25
36081 37187     53
36081 37191     43
36081 37193     58
36081 37195     53
36081 37197      6
36081 38017      6
36081 38035      4
36081 38057      4
36081 38067      4
36081 38093      6
36081 39005     11
36081 39007     41
36081 39009     21
36081 39013     13
36081 39017    184
36081 39025     12
36081 39029     12
36081 39035    494
36081 39039      4
36081 39041     23
36081 39045     14
36081 39049    549
36081 39055     20
36081 39057     14
36081 39061    173
36081 39063     24
36081 39071     25
36081 39077     16
36081 39081      9
36081 39085     20
36081 39091      6
36081 39093     61
36081 39095     15
36081 39099     34
36081 39105      5
36081 39113     56
36081 39115      2
36081 39119    156
36081 39121     65
36081 39123     24
36081 39125     11
36081 39131      7
36081 39133      8
36081 39135     12
36081 39139      5
36081 39141      6
36081 39143      6
36081 39145     11
36081 39147     12
36081 39151     70
36081 39153     82
36081 39155     76
36081 39165     16
36081 39173      8
36081 40017      7
36081 40027     13
36081 40029      2
36081 40031     84
36081 40065      8
36081 40101      6
36081 40109     82
36081 40113      4
36081 40121     10
36081 40135      3
36081 40143    111
36081 40145      5
36081 41003     33
36081 41005     90
36081 41017     11
36081 41029     16
36081 41035     16
36081 41039     33
36081 41043      8
36081 41047     16
36081 41051    141
36081 41053      8
36081 41057      3
36081 41067    106
36081 41071      4
36081 42001     33
36081 42003    719
36081 42005     12
36081 42007      4
36081 42009      5
36081 42011    380
36081 42013     38
36081 42015     36
36081 42017    474
36081 42019     55
36081 42021     58
36081 42025     50
36081 42027    139
36081 42029    178
36081 42031      5
36081 42033      2
36081 42035     13
36081 42037     10
36081 42039      3
36081 42041     19
36081 42043    209
36081 42045    432
36081 42049     74
36081 42055     30
36081 42061      7
36081 42063     18
36081 42069    346
36081 42071    433
36081 42073     12
36081 42075     95
36081 42077    486
36081 42079    262
36081 42081      3
36081 42083     15
36081 42087      6
36081 42089   2209
36081 42091    564
36081 42093     29
36081 42095    367
36081 42097     21
36081 42099      1
36081 42101   1501
36081 42103    738
36081 42105      7
36081 42107     20
36081 42109     19
36081 42113      8
36081 42115     14
36081 42117     11
36081 42119     11
36081 42121     45
36081 42123     23
36081 42125     61
36081 42127    252
36081 42129     62
36081 42131     11
36081 42133    127
36081 44001     60
36081 44003     34
36081 44005     35
36081 44007   1016
36081 44009     35
36081 45001     34
36081 45003    174
36081 45005     20
36081 45007     63
36081 45009     17
36081 45013    188
36081 45015    175
36081 45017     47
36081 45019    237
36081 45021      2
36081 45023     18
36081 45025     17
36081 45027     47
36081 45029     28
36081 45031     11
36081 45033     27
36081 45035    184
36081 45037     11
36081 45039      5
36081 45041    153
36081 45043     59
36081 45045    125
36081 45047     42
36081 45049     19
36081 45051    378
36081 45053     87
36081 45055     37
36081 45057     33
36081 45059      7
36081 45061     33
36081 45063    259
36081 45065     25
36081 45067     20
36081 45069     61
36081 45071      6
36081 45073     39
36081 45075    176
36081 45079    364
36081 45083    208
36081 45085    143
36081 45087      7
36081 45089     25
36081 45091    117
36081 46013      4
36081 46027     11
36081 46099     40
36081 46121      7
36081 47001     32
36081 47007      5
36081 47011     10
36081 47017     34
36081 47021      8
36081 47037    177
36081 47047      9
36081 47053      7
36081 47057     12
36081 47065     81
36081 47069      6
36081 47081     51
36081 47089     12
36081 47093     10
36081 47097     18
36081 47099      9
36081 47107     33
36081 47125     67
36081 47147      8
36081 47149     28
36081 47157    305
36081 47165     17
36081 47177      4
36081 47187     59
36081 47189      5
36081 48027    106
36081 48029    390
36081 48037      5
36081 48039     78
36081 48061     75
36081 48085    149
36081 48099     16
36081 48109      9
36081 48113    860
36081 48121    109
36081 48139      3
36081 48141    181
36081 48157    279
36081 48161      4
36081 48181     17
36081 48183      7
36081 48199      7
36081 48201   1727
36081 48209     14
36081 48213      5
36081 48215     30
36081 48221     29
36081 48231     17
36081 48233      9
36081 48251      8
36081 48275      3
36081 48281      7
36081 48303     17
36081 48309     40
36081 48321     14
36081 48329      4
36081 48339     81
36081 48355     15
36081 48367      9
36081 48387     33
36081 48429     15
36081 48439    502
36081 48441     16
36081 48451      3
36081 48453    151
36081 48467      9
36081 48471      5
36081 48473      8
36081 48481      7
36081 48491    186
36081 49005     14
36081 49011     26
36081 49035     90
36081 49039      4
36081 49043      9
36081 49045      4
36081 49049     89
36081 49057     20
36081 50001     46
36081 50003     38
36081 50005      5
36081 50007     67
36081 50011      4
36081 50015      4
36081 50017      2
36081 50019      9
36081 50021     36
36081 50023     58
36081 50025     20
36081 50027     19
36081 51001      4
36081 51003    142
36081 51007      3
36081 51013    563
36081 51015     26
36081 51019     50
36081 51023      6
36081 51025      5
36081 51029     25
36081 51031     93
36081 51037     42
36081 51041    379
36081 51053     26
36081 51059   1177
36081 51061     23
36081 51067     10
36081 51069     57
36081 51073      6
36081 51083     37
36081 51085      7
36081 51087    704
36081 51089     40
36081 51093      8
36081 51095     55
36081 51099      9
36081 51103      3
36081 51107    183
36081 51111     12
36081 51117     41
36081 51121     24
36081 51125      6
36081 51131      7
36081 51135    123
36081 51139     59
36081 51143    136
36081 51147     19
36081 51149    140
36081 51153    432
36081 51155      7
36081 51161    132
36081 51165     63
36081 51171     27
36081 51175     11
36081 51177     37
36081 51179     20
36081 51183     39
36081 51185     37
36081 51191     20
36081 51193     13
36081 51195      7
36081 51199     38
36081 51550    977
36081 51570     13
36081 51650    179
36081 51700    411
36081 51800     55
36081 51810    789
36081 53029     11
36081 53033    423
36081 53035     23
36081 53045     16
36081 53047      1
36081 53053    245
36081 53059      2
36081 53061     68
36081 53065      8
36081 53067     23
36081 53073     10
36081 53075     13
36081 53077      5
36081 54003     56
36081 54005      3
36081 54009      3
36081 54019     23
36081 54033      2
36081 54037     92
36081 54039     27
36081 54047      4
36081 54055     26
36081 54057      1
36081 54061     60
36081 54065      2
36081 54075      5
36081 54079      1
36081 54081     58
36081 54097      6
36081 55003      3
36081 55005      2
36081 55007     15
36081 55009     14
36081 55015      2
36081 55021      1
36081 55025    140
36081 55035      4
36081 55043      2
36081 55059     22
36081 55078     12
36081 55079    258
36081 55081      8
36081 55087     17
36081 55101     42
36081 55111      6
36081 55113      2
36081 55127      7
36081 55133      3
36081 55135      6
36081 56001      4
36081 56021     19
36081 56033     13
36083 36005     62
36083 36047    248
36083 36061    188
36083 36081    369
36083 36085    469
36085 01055     13
36085 01063      6
36085 01073      7
36085 01077     19
36085 01089      7
36085 01097     29
36085 01119      3
36085 02020     15
36085 02090      6
36085 04005     13
36085 04007      8
36085 04009      9
36085 04013    559
36085 04019     25
36085 04025      9
36085 05009     18
36085 06001    197
36085 06013     44
36085 06019     28
36085 06029     25
36085 06037    376
36085 06039      7
36085 06041     46
36085 06059     73
36085 06061     11
36085 06065     52
36085 06067     11
36085 06071      9
36085 06073    271
36085 06075     77
36085 06081     37
36085 06083     43
36085 06085     92
36085 06111     28
36085 06113      7
36085 08001      6
36085 08005     84
36085 08013     62
36085 08031     33
36085 08035      5
36085 08037     26
36085 08039      2
36085 08041     61
36085 08059     19
36085 08067      9
36085 09001    397
36085 09003    204
36085 09005      3
36085 09007     21
36085 09009     89
36085 09011     49
36085 09013     42
36085 10001     46
36085 10003    134
36085 10005     25
36085 11001     63
36085 12001     20
36085 12009    219
36085 12011   1299
36085 12015    129
36085 12017     47
36085 12019     30
36085 12021     94
36085 12023     28
36085 12031     72
36085 12033     30
36085 12035    148
36085 12043      2
36085 12047      3
36085 12053    136
36085 12057    377
36085 12061     44
36085 12069     68
36085 12071    191
36085 12081     64
36085 12083     90
36085 12085     47
36085 12086    329
36085 12087     13
36085 12091     10
36085 12095    459
36085 12097     81
36085 12099   1034
36085 12101    328
36085 12103    461
36085 12105     69
36085 12107     22
36085 12109     25
36085 12111    100
36085 12115    229
36085 12117    247
36085 12119     18
36085 12127    152
36085 13015     18
36085 13029      3
36085 13039     53
36085 13045      6
36085 13059     22
36085 13063    113
36085 13067    116
36085 13073     41
36085 13075      5
36085 13077      7
36085 13089    275
36085 13091      2
36085 13095     21
36085 13113      1
36085 13117     27
36085 13121    204
36085 13127      9
36085 13135     61
36085 13179     17
36085 13205      8
36085 13219     36
36085 13223     20
36085 13283      4
36085 13285      5
36085 13299      6
36085 13309      3
36085 15003      7
36085 17019      5
36085 17031    185
36085 17037     30
36085 17043     39
36085 17089     21
36085 17107      6
36085 17121      7
36085 17197     27
36085 18013      6
36085 18015     12
36085 18033     14
36085 18057     19
36085 18097     17
36085 18141      5
36085 18167     29
36085 19011     10
36085 19137      4
36085 19145      6
36085 19169     11
36085 20079      8
36085 20091     38
36085 20103      7
36085 21009     14
36085 21047     36
36085 21067     16
36085 21111     53
36085 21145      8
36085 21167      2
36085 21169     11
36085 22033      4
36085 22051     30
36085 22071     23
36085 22089     54
36085 22115     17
36085 23005     43
36085 23009     17
36085 23015      6
36085 23023     10
36085 23025      2
36085 24003     12
36085 24005     30
36085 24021     19
36085 24025     30
36085 24027     27
36085 24029      7
36085 24031    104
36085 24033    302
36085 24035     17
36085 24037      7
36085 24043      7
36085 24510    121
36085 25001     31
36085 25003     18
36085 25011     25
36085 25013     45
36085 25015      9
36085 25017    119
36085 25021     51
36085 25023     17
36085 25025    186
36085 25027     55
36085 26021     14
36085 26023     36
36085 26055      2
36085 26057      9
36085 26065     14
36085 26089      4
36085 26091     11
36085 26099      5
36085 26121     15
36085 26125     20
36085 26139     25
36085 26147     15
36085 26157      3
36085 26161      9
36085 26163     43
36085 27003      7
36085 27037     18
36085 27053     65
36085 27123     37
36085 28047     15
36085 28101      2
36085 29019     68
36085 29021     18
36085 29027      4
36085 29047      7
36085 29095     31
36085 29097      7
36085 29101      7
36085 29189     68
36085 31055     14
36085 31109     32
36085 31153      9
36085 32003    319
36085 32023     22
36085 33011     23
36085 33013     13
36085 33015     20
36085 33017     10
36085 33019      8
36085 34001     72
36085 34003    663
36085 34005    160
36085 34007    114
36085 34009     52
36085 34011     28
36085 34013    673
36085 34015     81
36085 34017    581
36085 34019    348
36085 34021    434
36085 34023   3959
36085 34025   6323
36085 34027    613
36085 34029   3352
36085 34031    191
36085 34033      5
36085 34035    979
36085 34037    120
36085 34039    910
36085 34041    148
36085 35001      7
36085 35013     10
36085 35043     47
36085 36001    231
36085 36003      9
36085 36005    894
36085 36007     94
36085 36011      8
36085 36013      8
36085 36017     13
36085 36019     30
36085 36021     43
36085 36023     27
36085 36025     79
36085 36027    156
36085 36029     77
36085 36031     17
36085 36033      2
36085 36039     93
36085 36043      1
36085 36045     16
36085 36047   3688
36085 36049      3
36085 36051     17
36085 36053     26
36085 36055    167
36085 36057     14
36085 36059    845
36085 36061   2565
36085 36067    142
36085 36069     11
36085 36071   1028
36085 36075     45
36085 36077    103
36085 36079     74
36085 36081   1592
36085 36083     45
36085 36087    397
36085 36089      5
36085 36091     90
36085 36093     97
36085 36095     45
36085 36097      6
36085 36103    924
36085 36105    154
36085 36109    127
36085 36111    182
36085 36113      7
36085 36115     10
36085 36119    631
36085 36123      9
36085 37001     17
36085 37009      8
36085 37011      7
36085 37013      1
36085 37015      1
36085 37019      2
36085 37021     64
36085 37023     15
36085 37045     24
36085 37047     10
36085 37049     20
36085 37051     58
36085 37055     11
36085 37061     12
36085 37063     60
36085 37067    129
36085 37071     33
36085 37077     17
36085 37081     81
36085 37083     11
36085 37085     10
36085 37099      3
36085 37101      7
36085 37107     12
36085 37119    106
36085 37125     12
36085 37129     49
36085 37131      3
36085 37133      7
36085 37135     29
36085 37139     42
36085 37141      4
36085 37149     22
36085 37153     18
36085 37165     18
36085 37179     41
36085 37183    190
36085 37185      6
36085 37191      5
36085 37195     11
36085 38077     13
36085 38101      5
36085 39009     10
36085 39025     14
36085 39035     46
36085 39049    102
36085 39061     46
36085 39063     10
36085 39085     12
36085 39093     30
36085 39113     63
36085 40027      5
36085 40031      8
36085 40109     23
36085 40143     42
36085 41003      5
36085 41011     18
36085 41017     27
36085 41019      7
36085 41039      6
36085 41051     28
36085 41067     20
36085 42003     43
36085 42007      2
36085 42009      5
36085 42011     63
36085 42013     14
36085 42015     15
36085 42017    146
36085 42021     23
36085 42025     53
36085 42027     32
36085 42029     92
36085 42033      6
36085 42041     15
36085 42043     12
36085 42045    193
36085 42049     12
36085 42051     61
36085 42069     53
36085 42071     85
36085 42077     61
36085 42079     24
36085 42085     19
36085 42089    832
36085 42091    120
36085 42095    297
36085 42101    162
36085 42103    210
36085 42105      4
36085 42107     19
36085 42109     17
36085 42111     13
36085 42113      4
36085 42119     11
36085 42127     72
36085 42129     18
36085 42133     33
36085 44005     15
36085 44007    111
36085 44009     45
36085 45003      8
36085 45013     42
36085 45019     66
36085 45041     60
36085 45043     68
36085 45045     23
36085 45051      7
36085 45063     32
36085 45075     19
36085 45077      2
36085 45079     29
36085 45085     78
36085 45091     19
36085 46013      6
36085 47011     10
36085 47031     11
36085 47033      2
36085 47037     77
36085 47065      8
36085 47071     13
36085 47099      4
36085 47149      7
36085 47155     13
36085 47159     29
36085 47179      9
36085 48027     32
36085 48061      6
36085 48113     57
36085 48157     30
36085 48167     10
36085 48201     58
36085 48409     42
36085 48423     14
36085 48439     42
36085 48453     60
36085 49011     54
36085 49035     43
36085 50001     13
36085 50003      7
36085 50005      2
36085 50007     27
36085 50019      5
36085 50023     29
36085 50025      3
36085 50027      7
36085 51001      6
36085 51003     39
36085 51013     29
36085 51031      8
36085 51035     19
36085 51041    115
36085 51059    105
36085 51065     11
36085 51087    113
36085 51095     22
36085 51107     28
36085 51113     12
36085 51117     20
36085 51119     15
36085 51121     11
36085 51131     11
36085 51143      6
36085 51149      6
36085 51153     86
36085 51161     81
36085 51163      3
36085 51165      9
36085 51177     40
36085 51179      6
36085 51550    272
36085 51650     46
36085 51700     71
36085 51800     30
36085 51810    204
36085 53011      3
36085 53033     95
36085 53035      5
36085 53041      3
36085 53053      8
36085 53061     28
36085 54003     11
36085 54007     12
36085 54039      4
36085 54049      3
36085 54057     13
36085 54075      5
36085 54081     23
36085 54085     12
36085 55025     19
36085 55075      4
36085 55079     20
36085 56025      9
36087 36005   1196
36087 36047    969
36087 36061   2062
36087 36081   1039
36087 36085     49
36089 36005     37
36089 36047    322
36089 36061    149
36089 36081    158
36089 36085     28
36091 36005     87
36091 36047    304
36091 36061    403
36091 36081    234
36091 36085     35
36093 36005     56
36093 36047    149
36093 36061    191
36093 36081    182
36093 36085     57
36095 36005     73
36095 36047     28
36095 36061     19
36095 36081     26
36097 36047     69
36097 36081     18
36099 36005      7
36099 36047     67
36099 36061    127
36099 36085      8
36101 36005    114
36101 36047    112
36101 36061     37
36101 36081    116
36101 36085     24
36103 36005   1131
36103 36047   2620
36103 36061   5902
36103 36081   7284
36103 36085    426
36105 36005    246
36105 36047    362
36105 36061    191
36105 36081    305
36105 36085     79
36107 36005     46
36107 36047     79
36107 36061     19
36107 36081     46
36109 36005    175
36109 36047    512
36109 36061   1673
36109 36081    197
36109 36085     58
36111 36005    172
36111 36047    436
36111 36061    398
36111 36081    414
36111 36085    118
36113 36005     40
36113 36047     54
36113 36061     14
36113 36081     40
36113 36085     18
36115 36005     63
36115 36047     55
36115 36061     56
36115 36081    225
36117 36005     86
36117 36047     53
36117 36061     68
36117 36081     30
36117 36085      8
36119 36005   8545
36119 36047   2147
36119 36061   8497
36119 36081   3166
36119 36085    328
36121 36005     70
36121 36047     45
36121 36061     32
36121 36081     41
36123 36047     33
36123 36061     33
36123 36081     72
36123 36085      9
37001 36047     26
37001 36061     67
37001 36081     19
37001 36085     12
37015 36061     49
37017 36047      8
37021 36047      6
37021 36061     27
37021 36081     14
37023 36061     26
37025 36005     16
37035 36047     10
37035 36061     10
37035 36081      6
37037 36047      5
37037 36061     16
37039 36081     21
37045 36047      7
37045 36081      6
37047 36047     68
37047 36061      8
37047 36085     10
37049 36047     69
37049 36061     76
37049 36081     19
37051 36005     36
37051 36047    257
37051 36061     52
37051 36081     83
37055 36061     12
37063 36005     45
37063 36047    151
37063 36061    647
37063 36081     58
37065 36047     12
37067 36047     68
37067 36061    194
37067 36081     57
37069 36047     12
37071 36081      9
37073 36047     12
37077 36047      7
37077 36061      9
37079 36005     30
37081 36005     14
37081 36047     84
37081 36061    122
37081 36081     62
37083 36047     13
37085 36081      4
37087 36005      7
37093 36047      8
37095 36081      9
37097 36061     11
37099 36061     10
37101 36061     23
37105 36081     16
37107 36005     22
37107 36047     15
37109 36047     32
37109 36081     30
37113 36061     13
37117 36047     28
37119 36005    125
37119 36047    209
37119 36061    268
37119 36081     83
37125 36005     10
37125 36061     10
37125 36081     13
37127 36005      8
37127 36081     13
37129 36005     45
37129 36047     19
37129 36061    148
37129 36081     20
37131 36081     21
37133 36005    109
37133 36047    111
37133 36061     23
37133 36081     87
37133 36085      9
37135 36005     10
37135 36047    101
37135 36061    394
37135 36081     62
37135 36085     28
37139 36047     22
37139 36061     15
37139 36081     41
37141 36005     23
37141 36047     39
37143 36005     12
37143 36047      7
37145 36081      9
37147 36047     68
37147 36061     28
37147 36081     11
37151 36081      5
37153 36005     24
37153 36047     32
37153 36061      5
37155 36047     42
37155 36081      5
37155 36085     13
37157 36061     25
37159 36081     26
37163 36047     31
37165 36047     43
37165 36081     10
37167 36047      6
37167 36061     11
37167 36085      9
37171 36061     37
37173 36047     13
37175 36047     14
37177 36047      4
37179 36005      6
37181 36061     13
37183 36005    130
37183 36047    115
37183 36061    334
37183 36081    187
37183 36085     15
37187 36061     18
37189 36061     20
37191 36005     13
37191 36047     20
37191 36061      5
37193 36085      4
37195 36005     64
37195 36047     53
37195 36061     12
37197 36005      8
37197 36061     27
38015 36061      8
38017 36061     19
38019 36061     11
38035 36061     36
38089 36061      7
38101 36081     18
39001 36047      8
39003 36061      7
39007 36047     16
39009 36005     15
39009 36047     72
39009 36061     56
39009 36081     24
39013 36061      7
39017 36047     71
39017 36061    163
39017 36081     18
39021 36061     16
39023 36061     34
39025 36005     29
39025 36047     42
39025 36061     10
39025 36081     22
39029 36047      5
39029 36061      6
39029 36085      9
39035 36005    100
39035 36047    240
39035 36061    840
39035 36081    247
39035 36085      7
39041 36047     16
39041 36061     19
39041 36081     18
39043 36005     50
39043 36047      7
39043 36061      8
39045 36061     10
39049 36005     55
39049 36047    269
39049 36061    714
39049 36081    176
39049 36085     14
39055 36061      9
39057 36047     20
39057 36061     73
39059 36061      7
39061 36005     48
39061 36047    129
39061 36061    476
39061 36081    181
39061 36085     18
39063 36061     29
39063 36081     21
39065 36061      5
39065 36081     10
39081 36061      8
39083 36047     36
39083 36061     91
39083 36081     13
39085 36047      2
39085 36061     18
39085 36081     13
39089 36005     10
39089 36061     33
39089 36081     10
39093 36005      7
39093 36047    237
39093 36061    162
39093 36081     37
39095 36005     50
39095 36047     45
39095 36061     16
39095 36081     26
39097 36047      3
39099 36005     23
39099 36047     47
39099 36061     91
39099 36081      6
39101 36005      7
39109 36081      8
39113 36005     10
39113 36047     81
39113 36061     34
39113 36081    100
39117 36061     25
39123 36081     16
39133 36047     58
39133 36061     29
39133 36081      6
39139 36081     18
39141 36005     12
39141 36081      5
39147 36047     70
39151 36047     45
39151 36061     73
39151 36081     12
39151 36085     28
39153 36005     18
39153 36047     63
39153 36061    161
39153 36081     18
39155 36061     21
39161 36047      7
39165 36081     10
39167 36005      7
39167 36047      9
39167 36061      8
39169 36047      6
39169 36061     18
39171 36047     12
39173 36061     20
39173 36081     28
40001 36047     31
40021 36005      6
40027 36005     13
40027 36047     69
40027 36061     60
40027 36081      8
40027 36085     36
40029 36081      7
40031 36047      8
40031 36061     46
40031 36081     17
40065 36047      6
40109 36047     19
40109 36061    202
40109 36081     58
40109 36085      9
40119 36047      5
40119 36061     11
40125 36061     17
40131 36005     15
40131 36081     36
40139 36005     26
40143 36005     14
40143 36047     98
40143 36061     81
40143 36081     34
40145 36061     10
41003 36085      5
41005 36047      7
41005 36061     80
41005 36081     33
41009 36081      6
41017 36047     23
41017 36081      5
41029 36047      9
41029 36061      9
41035 36047      6
41039 36047     86
41039 36061    189
41039 36081     46
41041 36047      6
41041 36061      5
41041 36085      9
41047 36005     17
41047 36047     25
41047 36061     65
41047 36081      6
41047 36085      8
41051 36005      7
41051 36047    323
41051 36061    508
41051 36081    116
41051 36085     11
41059 36061     89
41067 36047     66
41067 36061     97
41067 36081      4
41071 36061      9
42001 36005      9
42001 36047     18
42001 36061     40
42001 36081     10
42001 36085     11
42003 36005     91
42003 36047    446
42003 36061    980
42003 36081    435
42003 36085     76
42007 36047     45
42007 36061     20
42009 36085      8
42011 36005    129
42011 36047    109
42011 36061    159
42011 36081     64
42011 36085     14
42013 36005     11
42013 36061     14
42015 36061     16
42017 36005     61
42017 36047    132
42017 36061    451
42017 36081    196
42017 36085     44
42019 36081     17
42021 36047    100
42021 36085      6
42025 36047     21
42025 36061     15
42025 36081      5
42027 36047    142
42027 36061    367
42027 36081    156
42027 36085      6
42029 36005    109
42029 36047     61
42029 36061    484
42029 36081     29
42029 36085     16
42031 36047     10
42031 36061     15
42033 36061     17
42037 36005     17
42037 36047     13
42037 36061      7
42039 36081      6
42041 36005     17
42041 36047     72
42041 36061    134
42041 36081    103
42043 36005     54
42043 36047     49
42043 36061     96
42043 36081     35
42043 36085     38
42045 36005     72
42045 36047    179
42045 36061    646
42045 36081    110
42045 36085     49
42047 36081      6
42049 36047      6
42049 36061     26
42049 36081     51
42051 36061     18
42051 36085      8
42055 36005      9
42055 36061     12
42055 36081     24
42059 36061      9
42059 36081      9
42063 36047      8
42063 36061     20
42063 36081     17
42069 36005     17
42069 36047    111
42069 36061    210
42069 36081     62
42069 36085     12
42071 36005    120
42071 36047      4
42071 36061    195
42071 36081     80
42071 36085     54
42073 36061     19
42075 36005      3
42075 36047     15
42075 36061      8
42075 36081      9
42077 36005     46
42077 36047    140
42077 36061    335
42077 36081    119
42077 36085     27
42079 36005      6
42079 36047     77
42079 36061    116
42079 36081     71
42079 36085     22
42081 36081     19
42083 36047     31
42085 36061     19
42087 36005      9
42089 36005    142
42089 36047     22
42089 36061    200
42089 36081    139
42089 36085    110
42091 36005     51
42091 36047    201
42091 36061   1339
42091 36081    132
42091 36085     30
42093 36081     16
42095 36005      9
42095 36047    123
42095 36061    330
42095 36081    113
42097 36061     21
42101 36005    512
42101 36047   1620
42101 36061   3998
42101 36081    612
42101 36085    141
42103 36005     52
42103 36047     74
42103 36061     23
42103 36081     30
42103 36085     36
42107 36005     27
42107 36047     15
42107 36061     30
42107 36081      7
42109 36061     16
42111 36081     12
42115 36047      4
42115 36061     51
42115 36081      7
42119 36005     17
42119 36047     30
42119 36061    116
42119 36081     34
42119 36085      9
42123 36047      7
42125 36005     21
42125 36047     12
42125 36061      7
42125 36081     29
42127 36005     25
42127 36047     30
42127 36061     30
42127 36081     94
42129 36005     18
42129 36047     39
42129 36061    184
42129 36081     35
42129 36085     14
42131 36005    321
42133 36005    105
42133 36047     72
42133 36061     76
42133 36081     30
42133 36085     18
44001 36061     28
44003 36005     20
44003 36047      5
44003 36061    112
44003 36081     29
44005 36005      9
44005 36047     35
44005 36061     51
44005 36081     32
44005 36085     21
44007 36005    265
44007 36047    726
44007 36061   1533
44007 36081    282
44007 36085     56
44009 36005     41
44009 36047      4
44009 36061    168
44009 36081     42
45003 36047     64
45003 36085      2
45005 36081      9
45007 36047     16
45009 36047      6
45009 36061     26
45011 36047     16
45011 36061     16
45013 36005     28
45013 36047     48
45013 36061     53
45013 36081     17
45013 36085     19
45015 36005     40
45015 36047     71
45015 36061     24
45015 36085     20
45017 36061     12
45019 36005     62
45019 36047    232
45019 36061    216
45019 36081     26
45019 36085     11
45027 36081     14
45029 36061     28
45029 36085     14
45031 36047     21
45031 36081     11
45033 36061     15
45035 36047     43
45035 36081     51
45039 36061      8
45041 36005     10
45041 36047     66
45041 36081     30
45043 36047     30
45043 36081     25
45045 36047     18
45045 36061    106
45045 36081     43
45047 36005     28
45047 36061     10
45049 36047     23
45049 36081     22
45051 36005     70
45051 36061     34
45051 36081      5
45051 36085     18
45053 36005      4
45055 36047     11
45055 36061     26
45055 36081      4
45055 36085     20
45057 36047     60
45059 36061     16
45059 36081     30
45061 36047     16
45063 36005     19
45063 36081     11
45067 36005     38
45069 36005     21
45071 36047     17
45073 36061     14
45075 36005    104
45075 36047     42
45075 36061     96
45075 36081     40
45077 36047      9
45077 36061     51
45079 36005     57
45079 36047    370
45079 36061     81
45079 36081     32
45079 36085      9
45083 36047     15
45083 36061     12
45083 36081     35
45085 36005     11
45085 36047    112
45085 36061      8
45089 36061     21
45091 36061     29
45091 36081     63
46005 36047    110
46029 36047     16
46029 36061     11
46065 36081      4
46099 36081     31
46113 36061     14
46127 36081     10
46135 36005     14
46135 36061      7
47001 36061     30
47003 36047     12
47007 36061      8
47009 36047      6
47011 36061      5
47029 36047      7
47037 36005      9
47037 36047    203
47037 36061    423
47037 36081     76
47043 36005      9
47043 36047      6
47043 36061     10
47051 36047     10
47051 36061     12
47055 36005      6
47065 36047      9
47065 36061     56
47065 36081     50
47073 36081     14
47093 36047     63
47093 36061    182
47107 36085      6
47119 36061     11
47125 36047     41
47125 36061     34
47125 36085      9
47141 36081     16
47141 36085     20
47149 36061     46
47149 36081     15
47157 36005    116
47157 36047     94
47157 36061    264
47157 36081     38
47157 36085     16
47163 36047      3
47163 36061     23
47165 36047     14
47165 36061     19
47167 36061      7
47179 36047      6
47179 36081     15
47187 36061      8
47187 36081     12
48001 36061      8
48015 36047      7
48021 36047     16
48027 36005     48
48027 36047     55
48027 36061     12
48027 36081     27
48027 36085     15
48029 36005     69
48029 36047    112
48029 36061    273
48029 36081    197
48037 36005     20
48037 36047     15
48039 36047     14
48039 36081      6
48041 36005     10
48041 36047     24
48041 36061    176
48055 36081     16
48061 36047      7
48061 36061     29
48061 36085     17
48073 36047     15
48081 36081      5
48085 36005      8
48085 36047     40
48085 36061    115
48085 36081      7
48091 36047      5
48091 36061      9
48099 36047     42
48113 36005    143
48113 36047    354
48113 36061   1213
48113 36081    340
48113 36085     24
48121 36047     62
48121 36061     71
48121 36081      8
48123 36081     10
48135 36061      6
48135 36081      9
48139 36085      5
48141 36005    118
48141 36047     58
48141 36061     60
48141 36081     76
48145 36047      7
48155 36061      9
48157 36005     12
48157 36047     48
48157 36061    112
48157 36081     31
48167 36005      5
48167 36047     11
48167 36081     13
48179 36061     31
48181 36061     26
48183 36081     10
48187 36047      8
48201 36005    336
48201 36047    575
48201 36061   1632
48201 36081    521
48201 36085     48
48203 36047     22
48209 36061      7
48209 36081      4
48215 36005      7
48215 36047    102
48215 36061     22
48215 36081     10
48215 36085     17
48231 36047      3
48231 36081     25
48237 36081      9
48245 36047     28
48245 36081     19
48245 36085     12
48257 36047      5
48257 36061      9
48257 36081     12
48263 36081     20
48273 36081      8
48303 36005      7
48303 36061     40
48303 36081     33
48309 36005      3
48309 36061     39
48329 36047      4
48329 36061     49
48339 36061      8
48355 36061     39
48355 36085     33
48367 36081     13
48367 36085     15
48375 36047      9
48375 36061      9
48375 36081     24
48381 36061     15
48415 36061      8
48423 36061     22
48439 36005     16
48439 36047     97
48439 36061    210
48439 36081     60
48441 36047     34
48451 36061     43
48453 36005     65
48453 36047    553
48453 36061   1301
48453 36081    258
48459 36061     52
48465 36061      5
48469 36081      8
48469 36085     14
48471 36047     16
48471 36061     28
48471 36081      8
48479 36005      5
48479 36047     15
48479 36061      7
48485 36047     13
48491 36061     28
48491 36081     13
48495 36061     10
49005 36005     11
49005 36061      9
49005 36081     12
49011 36047     25
49011 36061     32
49011 36081      8
49021 36047     16
49027 36081      9
49035 36005     96
49035 36047     64
49035 36061    251
49035 36081    110
49039 36047     11
49039 36061     14
49043 36061     26
49043 36081     13
49049 36005     11
49049 36047     27
49049 36061    137
49049 36081     37
49053 36081      4
49057 36061      6
49057 36081     45
50001 36005      8
50001 36047     28
50001 36061    117
50003 36047     19
50003 36061     43
50003 36081     29
50003 36085    183
50005 36047      4
50005 36061     39
50007 36005     41
50007 36047    167
50007 36061    381
50007 36081     46
50007 36085     13
50011 36061     27
50015 36047     19
50015 36061     10
50017 36047      9
50017 36061     10
50019 36005      8
50021 36005     18
50021 36047     23
50021 36061     29
50021 36081     28
50021 36085     14
50023 36047     17
50023 36061     64
50023 36081     21
50025 36047      6
50025 36061     44
50025 36085      6
50027 36061     50
50027 36085     20
51003 36005     13
51003 36047    149
51003 36061   1116
51003 36081     39
51009 36061     10
51009 36081     39
51013 36005     77
51013 36047    323
51013 36061    967
51013 36081    172
51013 36085     26
51015 36081     18
51015 36085     18
51019 36047     23
51025 36081      5
51029 36005      5
51031 36005      5
51031 36047     10
51031 36061     45
51041 36005      8
51041 36047     48
51041 36061     66
51041 36081    104
51041 36085     17
51053 36005     27
51053 36047     48
51053 36061      8
51053 36081     24
51059 36005      8
51059 36047    406
51059 36061   1341
51059 36081    371
51059 36085     84
51061 36061     37
51063 36061      5
51065 36085     25
51069 36061     98
51071 36085      5
51073 36081     21
51077 36061     39
51079 36081      5
51085 36005      6
51085 36061     16
51085 36081      6
51087 36005    110
51087 36047    304
51087 36061    610
51087 36081    266
51087 36085     14
51089 36005     10
51089 36047     13
51089 36061      9
51095 36005     14
51095 36047     41
51095 36061    238
51095 36081     20
51103 36061     11
51107 36047     24
51107 36061     62
51107 36081     33
51117 36081     40
51119 36047     11
51119 36061      8
51121 36047     67
51121 36061    170
51121 36081      7
51121 36085     10
51131 36061     15
51137 36047     11
51143 36005     18
51143 36061     25
51143 36081     19
51147 36081     33
51149 36005     24
51149 36047     20
51149 36081     14
51153 36005     36
51153 36047     35
51153 36061     72
51153 36081     91
51153 36085     30
51161 36005      6
51161 36047     15
51161 36061     76
51161 36081     10
51163 36005      9
51163 36047     11
51163 36061    183
51163 36085      7
51165 36047     17
51165 36061     93
51165 36081      6
51173 36047     10
51175 36061     11
51177 36047     20
51177 36061     18
51177 36081     54
51179 36005     11
51179 36047     26
51179 36061     16
51191 36047      8
51195 36047     10
51195 36081      9
51199 36047     18
51199 36061     24
51199 36081     12
51550 36005    171
51550 36047    124
51550 36061    207
51550 36081    190
51550 36085     20
51570 36081     14
51650 36047     90
51650 36061     50
51650 36081     36
51650 36085     58
51700 36005     66
51700 36047    245
51700 36061     38
51700 36081     94
51800 36047      4
51800 36061      9
51810 36005     84
51810 36047    297
51810 36061    210
51810 36081    126
51810 36085     46
53005 36081     10
53007 36061     28
53009 36047      4
53009 36085     13
53011 36047     57
53011 36061     28
53011 36081     12
53027 36081      6
53031 36047      5
53033 36005     56
53033 36047    750
53033 36061   1766
53033 36081    414
53033 36085     26
53035 36061     46
53035 36081     17
53045 36081      3
53047 36061     28
53049 36081      4
53053 36005     11
53053 36047     19
53053 36061     94
53053 36081     44
53053 36085     14
53057 36061     14
53061 36061     48
53061 36081     11
53061 36085     11
53063 36047     54
53063 36061     16
53067 36047     27
53067 36061     27
53067 36081      8
53073 36047     25
53073 36061     24
53073 36081     21
53075 36061     22
53077 36005     56
53077 36081     28
54003 36047      7
54003 36085     13
54009 36061     11
54011 36061     16
54017 36061     26
54021 36081     12
54025 36005     10
54037 36005     11
54039 36047     28
54039 36061     44
54039 36085     22
54041 36081     10
54045 36081     38
54051 36005     16
54055 36005      8
54055 36047      7
54055 36081      6
54057 36047      7
54061 36047     95
54061 36061     65
54061 36081     39
54061 36085     23
54069 36047     11
54081 36081      7
54083 36061     60
54083 36081     17
54089 36081      9
54099 36081     13
54103 36081     22
54107 36061     12
54109 36047      7
55009 36061     29
55009 36081     11
55011 36005     12
55025 36047    287
55025 36061    654
55025 36081    166
55025 36085     25
55027 36005      6
55027 36047      9
55035 36061     45
55045 36081      5
55047 36061      9
55049 36061      9
55051 36061      8
55055 36081      6
55063 36047     12
55063 36061     41
55065 36047      8
55073 36061      8
55079 36005    134
55079 36047    184
55079 36061    392
55079 36081     95
55085 36061      9
55087 36047      7
55087 36061     45
55089 36047     10
55089 36061     19
55089 36081      8
55093 36061      8
55095 36081      5
55097 36047      7
55097 36061      9
55101 36005     15
55101 36061     17
55105 36047     14
55105 36081     19
55109 36047     19
55109 36061     11
55129 36061      8
55131 36061      9
55133 36047      6
55133 36061     18
55133 36081     41
55133 36085     20
55139 36005     19
55139 36047      6
55139 36061     26
55141 36047     54
55141 36061     11
55141 36081     13
56001 36061     10
56001 36081     13
56021 36047     27
56021 36061     16
56025 36061     15
56029 36005     11
56039 36047     23
56039 36061    115
